company,property,location,area,id
深圳市万科云城房地产,万科云城（一期）,南山区石鼓路,深房许字（2018）南山,
深圳市大新常盛投资有,枫叶望海公馆,南山区望海路,深房许字（2018）南山,
粤海置地（深圳）有限,悦彩城,深圳市罗湖区东晓街道,深房许字（2018）罗湖,
深圳市和谷投资有限公,和谷山汇城,宝安区燕罗街道,深房许字（2018）宝安,
深圳市松茂房地产集团,松茂柏景湾公馆,宝安西乡街道,深房许字（2018）宝安,
深圳市岗隆实业有限公,勤诚达正大城花园一期,光明区光侨路南侧、元,深房许字（2018）光明,
深圳市天荣盛房地产开,天汇时代花园二期,光明区长春路东侧、振,深房许字（2018）光明,
深圳机场地产有限公司,领航城领誉华府,宝安区西乡街道,深房许字（2018）宝安,
深圳市西城房地产开发,万科星城名邸,宝安区新桥街道,深房许字（2018）宝安,
深圳市麟恒投资发展有,东城中心花园（三期）,横岗街道龙岗大道北面,深房许字（2018）龙岗,
深圳市西城房地产开发,万科星城上郡,宝安区新桥街道,深房许字（2018）宝安,
深圳市西城房地产开发,万科星城华府,宝安区新桥街道,深房许字（2018）宝安,
深圳华强永兴投资有限,华强城市花园（一期）,宝安区福海街道,深房许字（2018）宝安,
深圳市大族云峰投资有,大族云峰花园5号楼、6,坂雪岗大道与永香路交,深房许字（2018）龙岗,
深圳市华联置业集团有,华联城市商务中心,南山大道西面东滨路北,深房许字（2018）南山,
深圳市名爵房地产开发,万科香蜜府,深圳市福田区安托山四,深房许字（2018）福田,
深圳市天就房地产开发,玺园,深圳市宝安区观澜镇清,深房许字（2018）龙华,
深圳卓越青浦房地产开,誉珑豪轩,宝安区沙井街道,深房许字（2018）宝安,
深圳泛亚房地产开发有,中骏云景华府,龙岗区龙岗街道,深房许字（2018）龙岗,
深圳冠懋房地产集团有,蓝郡公馆大厦,盐田区沙头角街道沙深,深房许字（2018）盐田,
深圳市桂芳园实业有限,佳兆业金御雅园（1栋）,龙岗区平湖街道平安大,深房许字（2018）龙岗,
深圳市桂芳园实业有限,佳兆业君汇公馆（2栋）,龙岗区平湖街道平安大,深房许字（2018）龙岗,
深圳市桂芳园实业有限,佳兆业君汇公馆（2栋）,龙岗区平湖街道平安大,深房许字（2018）龙岗,
深圳市桂芳园实业有限,佳兆业君汇公馆（1栋）,龙岗区平湖街道平安大,深房许字（2018）龙岗,
深圳市蛇口海滨置业有,太子湾商贸大厦,南山区招商街道规划望,深房许字（2018）南山,
深圳市碧海投资发展有,京基御景时代大厦,深圳市龙岗区龙城街道,深房许字（2018）龙岗,
深圳市泰富华澜湾置业,奥园·翡翠东湾二,坪山区金牛东路以南、,深房许字（2018）坪山,
深圳市天安中益实业有,凤凰智谷大厦,宝安区西乡街道铁仔路,深房许字（2018）宝安,
宝吉工艺品（深圳）有,佳兆业中央广场二期,龙岗区坂田街道坂雪岗,深房许字（2018）龙岗,
深圳市大族云峰投资有,大族云峰花园3号楼,坂雪岗大道与永香路交,深房许字（2018）龙岗,
深圳市百年春投资发展,嘉洲商务中心（A007-0,宝安区新安街道,深房许字（2018）宝安,
华润置地（深圳）有限,华润城华润置地大厦（,南山区粤海街道深南大,深房许字（2018）南山,
深圳市皇城地产有限公,金领假日公寓,滨河大道与福田南路交,深房许字（2018）福田,
深圳市蛇口海滨置业有,太子湾商务大厦,南山区招商街道规划望,深房许字（2018）南山,
深圳市蛇口海滨置业有,太子湾商贸大厦,南山区招商街道规划望,深房许字（2018）南山,
深圳市德瀚投资发展有,招商开元中心,深圳市罗湖区红岭北路,深房许字{2018}罗湖00,
深圳市奥星房地产开发,星河天地花园一期,光明区东周一街（暂定,深房许字（2018）光明,
中国中电国际信息服务,中电迪富大厦,深圳市福田区振华路和,深房许字（2018）福田,
中国中电国际信息服务,中电迪富大厦,深圳市福田区振华路和,深房许字（2018）福田,
深圳市汇东房地产投资,银领公馆,深圳市龙岗区南湾街道,深房许字（2018）龙岗,
中国中电国际信息服务,中电迪富大厦,深圳市福田区振华路和,深房许字（2018）福田,
深圳麓园房地产开发有,麓园,龙岗区龙城街道回龙埔,深房许字（2018）龙岗,
深圳市安宏基房地产开,安宏基天曜广场,龙华区新区大道与中梅,深房许字（2018）龙华,
深圳市深业中城有限公,深业中城（B302-0040）,深圳市福田区红荔西路,深房许字（2018）福田,
深圳市深城投置业有限,深城投中城花园,坪山区坪山六和社区，,深房许字（2018）坪山,
深圳朗泓房地产有限公,龙园大观花园二期1栋、,龙岗区龙岗街道新生路,深房许字（2018）龙岗,
深圳市盐田佳兆业房地,佳兆业山海城家园（一,盐田区盐田街道洪安路,深房许字（2018）盐田,
深圳朗泓房地产有限公,龙园大观花园二期3栋,龙岗区龙岗街道新生路,深房许字（2018）龙岗,
深圳市金碧房地产开发,凤凰公馆,坪山区碧岭街道坪山大,深房许字（2018）坪山,
深圳华侨城房地产有限,华侨城大厦,南山区沙河街道深南大,深房许字（2018）南山,
深圳市汇海置业有限公,中洲滨海华府一期,福田区沙头上沙社区上,深房许字（2018）福田,
深圳富茅房地产开发有,实地剑兰郡,深圳市罗湖区红桂路红,深房许字（2018）罗湖,
深圳华侨城房地产有限,香山里花园五期,南山区华侨城西北片区,深房许字（2018）南山,
深圳市德欣房地产开发,宝泰雅苑,龙华区民治梅龙路西侧,深房许字（2018）龙华,
深圳市蛇口海滨置业有,太子湾商务大厦,南山区招商街道规划望,深房许字（2018）南山,
深圳市蛇口海滨置业有,太子湾商贸大厦,南山区招商街道办规划,深房许字（2018）南山,
深圳市蛇口海滨置业有,太子湾商务大厦,南山区招商街道规划望,深房许字（2018）南山,
深圳中维菁山房地产开,泰禾广场,坪山区坪山大道与金环,深房许字(2018)坪山00,
深圳市京基房地产股份,长源京基御景峯公馆,南山区桃源街道留仙大,深房许字（2018）南山,
深圳市红荷缇居房地产,颐安都会中央花园（Ⅲ,深圳市龙岗区红棉路与,深房许字（2018）龙岗,
深业泰富物流集团股份,深业泰富广场（一期）,罗湖区笋岗街道梨园路,深房许字（2018）罗湖,
华润置地前海有限公司,前海华润金融中心T201,前海合作区二单元2街坊,深房许字（2018）前海,
深圳市国速房地产开发,国速世纪大厦,深圳市罗湖区桂园街道,深房许字（2018）罗湖,
深圳市地铁集团有限公,深湾汇云中心四期,南山区白石三道,深房许字（2018）南山,
深圳市横岗佳兆业投资,佳兆业未来花园（1栋、,龙岗区大运新城如意路,深房许字（2018）龙岗,
华润置地（深圳）有限,华润城润府三期（三期,南山区粤海街道铜鼓路,深房许字（2018）南山,
深圳市瑞恒投资发展有,勤诚达乐园,宝安区新安街道,深房许字（2018）宝安,
深圳市地铁集团有限公,地铁锦上花园,龙岗区横岗街道,深房许字（2018）龙岗,
深圳天安云谷投资发展,天安云谷产业园二期4栋,龙岗区岗头社区雪岗北,深房许字（2018）龙岗,
深圳市龙光骏景房地产,龙光玖钻商务中心,民治街道办,深房许字（2018）龙华,
深圳市龙光骏景房地产,龙光玖钻商务中心,龙华区民治街道,深房许字（2018）龙华,
深圳市明泰润投资发展,水贝珠宝总部大厦,深圳市罗湖区东晓街道,深房许字（2018）罗湖,
深圳市盐田港置业有限,半山悦海花园,深圳市盐田区沙头角梧,深房许字（2018）盐田,
深圳市乐安房地产有限,远洋新天地水岸花园,深圳市龙岗区龙城街道,深房许字（2018）龙岗,
深圳市华茂嘉投资有限,琳珠华庭,龙岗区龙城街道爱联社,深房许字（2018）龙岗,
深圳市怡瑞达实业有限,怡瑞达乐郡,深圳市龙岗区龙岗宝龙,深房许字（2018）龙岗,
深圳市南头城同乐投资,乐尚林居,南山区中山园路西侧,深房许字（2018）南山,
深圳市淞江康纳投资有,金地凯旋广场,深圳市龙岗区龙岗街道,深房许字（2018）龙岗,
深圳市岗隆实业有限公,勤诚达正大城花园一期,深圳市光明新区玉塘街,深房许字（2018）光明,
深圳市市政工程总公司,天健公馆,安托山六路与四路交汇,深房许字（2018）福田,
深圳市前海景兴商业服,景兴海上广场一期,深圳市前海深港合作区,深房许字（2018）前海,
深圳市金亨利实业集团,金亨利瑜璟苑,民治街道梅龙路西侧,深房许字（2018）龙华,
深圳博林西岸置业有限,博林君瑞花园,深圳市宝安区沙井街道,深房许字（2018）宝安,
寰安置业（深圳）有限,前海嘉里商务中心二期,深圳市前海深港合作区,深房许字（2018）前海,
华润置地（深圳）有限,华润城华润置地大厦（,南山区粤海街道深南大,深房许字（2018）南山,
深圳市前海景兴物业管,景兴海上广场二期,深圳市前海深港合作区,深房许字（2018）前海,
深圳市前海景兴商业服,景兴海上广场二期,深圳市前海深港合作区,深房许字（2018）前海,
深圳市康达尔(集团)股,康达尔山海上园（二期,宝安区西乡街道,深房许字（2018）宝安,
华润置地（深圳）有限,华润城润府三期,南山区粤海街道铜鼓路,深房许字（2018）南山,
深圳市毅骏房地产开发,中海鹿丹名苑（A区）,罗湖区红岭南路与滨河,深房许字（2018）罗湖,
深圳市丹晟恒丰投资有,新彩苑,龙华区民治街道新区大,深房许字（2018）龙华,
深圳市天通万年房地产,凤凰天誉华府,宝安区西乡街道,深房许字（2018）宝安,
深圳市万科南苑房地产,万科蛇口公馆,南山区蛇口街道湾厦路,深房许字（2018）南山,
深圳市华茂嘉投资有限,琳珠华庭1栋,深圳市龙岗区龙翔大道,深房许字（2018）龙岗,
深圳市磐业科技开发有,融创智汇大厦,龙华区民治办事处,深房许字（2018）龙华,
深圳市宝安东海实业有,华海金湾公馆（A104-0,宝安区西乡街道,深房许字（2018）宝安,
深圳招商房地产有限公,海上世界双玺花园（三,南山区蛇口望海路南侧,深房许字（2018）南山,
深圳招商房地产有限公,海上世界双玺花园（三,南山区蛇口望海路南侧,深房许字（2018）南山,
深圳市沙浦巨帆投资有,满京华云著花园（一期,深圳市宝安区松岗街道,深房许字（2018）宝安,
深圳市耀领投资有限公,唐商大厦,深圳市宝安区新桥街道,深房许字（2018）宝安,
深圳市乐安房地产有限,远洋新天地水岸花园,深圳市龙岗区龙城街道,深房许字（2018）龙岗,
深圳市联建投资发展有,君钰府,宝安区新安街道,深房许字（2018）宝安,
深圳市隆新安居装修工,玖悦雅轩,宝安区新安街道,深房许字（2018）宝安,
深圳市凯丰实业有限公,龙光玖龙台（一期2、3,光明新区观光路与光明,深房许字（2018）光明,
深圳市宜泰置业发展有,深城投·中心公馆,坪山区坪山街道兰竹西,深房许字（2018）坪山,
深圳市万京投资有限公,恒大城市之光大厦,深圳市龙岗区龙城街道,深房许字（2018）龙岗,
深圳市碧海投资发展有,京基御景中央花园二期,深圳市龙岗区飞扬路与,深房许字（2018）龙岗,
深圳市赤湾房地产开发,山语海苑（二期）,赤湾少帝路南侧,深房许字（2018）南山,
深圳邦兆房地产开发有,凯旋天玺名庭,布吉街道新乐路19号旁,深房许字（2018）龙岗,
深圳市兴益合置业有限,智慧领寓,宝安区福永街道,深房许字（2018）宝安,
深圳市兴益合置业有限,菁英领寓,宝安区福永街道,深房许字（2018）宝安,
深圳市泰富华悦都会置,悦都会华庭,坪山区坪山街道比亚迪,深房许字（2018）坪山,
深圳市东方欣悦实业有,安托山花园（二期）,福田区安托山六路,深房许字（2018）福田,
深圳市泰富华澜湾置业,奥园·翡翠东湾二,坪山区金牛东路以南、,深房许字（2018）坪山,
深圳市深岛实业有限公,中航华府花园,布吉街道三联社区联中,深房许字（2018）龙岗,
深圳市乐安房地产有限,远洋新天地水岸花园,深圳市龙岗区龙城街道,深房许字（2018）龙岗,
建滔数码发展（深圳）,恒大时尚慧谷大厦,龙华区大浪街道福龙路,深房许字【2018】龙华,
深圳市承翰信息咨询有,陶柏莉花园（二期）,大鹏新区葵涌办事处丰,深房许字（2018）大鹏,
深圳市易尚数字技术发,易尚创意科技大厦,宝安中心区甲岸路与金,深房许字（2018）宝安,
深圳市家乐实业发展公,宝树台,福田区振中路与燕南路,深房许字（2018）福田,
深圳市鹏华达实业有限,鹏华世家华府,龙岗区平湖街道,深房许字（2017）龙岗,
深圳市鹏城瑞泰投资有,天玑公馆,龙华街道办事处,深房许字【2017】龙华,
深圳市浩瀚盈实业有限,家天下花园(一期),深圳是大鹏新区葵涌办,深房许字（2017）大鹏,
深圳招商华侨城投资有,红山六九七九商业中心,深圳市龙华区民治街道,深房许字（2017）龙华,
深圳市财富城投资有限,财富城（一期）,深圳市坪山区兰竹西路,深房许字（2017）坪山,
深圳市兆鑫房地产开发,汇金天琅大厦,罗湖区南湖街道深南东,深房许字（2017）罗湖,
深圳市比亚迪实业发展,亚迪三村,坪山区锦绣中路与翠景,深房许字（2017）坪山,
前海世茂发展（深圳）,前海世茂金融中心二期,深圳市前海深港合作区,深房许字（2017）前海,
深圳市万科南苑房地产,万科蛇口公馆,南山区蛇口街道湾厦路,深房许字（2017）南山,
深圳汎达实业发展有限,卓越弥敦道名苑,龙岗区横岗街道,深房许字（2017）龙岗,
深圳市横岗佳兆业投资,佳兆业未来花园（4栋、,龙岗区大运新城如意路,深房许字（2017）龙岗,
深圳市宜泰置业发展有,深城投·中心公馆,坪山区坪山街道兰竹西,深房许字（2017）坪山,
深圳市龙光骏景房地产,龙光玖钻商务中心,龙华区民治街道,深房许字（2017）龙华,
深圳招商华侨城投资有,红山六九七九商业中心,龙华区民治街道办事处,深房许字（2017）龙华,
深圳邦兆房地产开发有,凯旋天玺名庭,龙岗区布吉中兴路和金,深房许字（2017）龙岗,
深圳市金中池投资发展,御景蓝湾公馆,深圳市龙岗区白灰围一,深房许字（2017）龙岗,
深圳麓园房地产开发有,麓园（11-14栋）,深圳市龙岗区盐龙大道,深房许字（2017）龙岗,
深圳市万龙靓投资发展,金域领峰花园2-5栋,龙岗区布吉街道,深房许字（2017）龙岗,
深圳市龙岗天安数码新,天安活力广场,龙岗区龙城街道,深房许字（2017）龙岗,
中粮地产（深圳）实业,中粮云景广场,光明新区松白路南侧、,深房许字(2017)光明00,
宝吉工艺品（深圳）有,佳兆业中央广场二期,龙岗区坂田街道,深房许字（2017）龙岗,
深圳市名居房地产有限,名居广场,龙岗区龙城街道爱联社,深房许字（2017）龙岗,
深圳市碧海投资发展有,京基御景中央花园一期,深圳市龙岗区龙城街道,深房许字（2017）龙岗,
深圳市盛隆兴业投资发,吉祥里豪庭,龙岗区龙城街道白灰围,深房许字（2017）龙岗,
深业泰富物流集团股份,博丰大厦,罗湖区清水河一路,深房许字（2017）罗湖,
深圳市万京投资有限公,恒大城市之光大厦2栋,深圳市龙岗区龙城街道,深房许字（2017)龙岗0,
深圳市龙光骏景房地产,龙光玖钻商务中心,龙华区民治办事处,深房许字（2017）龙华,
深圳市尖莎咀上和房地,红湾盛园,宝安区西乡街道,深房许字（2017）宝安,
深圳市宏发房地产开发,前城滨海花园（A105-1,宝安区西乡街道,深房许字（2017）宝安,
深圳市锦峰城房地产开,中粮祥云广场,龙岗大道西面如意路南,深房许字（2017）龙岗,
深圳市锦峰城房地产开,中粮祥云广场,龙岗大道西面如意路南,深房许字（2017）龙岗,
深圳市创芯置业有限公,中粮创芯研发中心,宝安区新安街道,深房许字（2017）宝安,
深圳市金颐投资发展有,湾景商务中心,深圳市宝安区沙井街道,深房许字（2017）宝安,
深圳市毅骏房地产开发,中海鹿丹名苑（A区）,罗湖区红岭南路与滨河,深房许字（2017）罗湖,
深圳市德瀚投资发展有,招商开元中心一期01地,罗湖区笋岗街道,深房许字（2017）罗湖,
深圳市泰富华澜湾置业,奥园.翡翠东湾花园,坪山区坪山金牛东路以,深房许字（2017）坪山,
深圳市盛迪嘉置地有限,盛迪嘉光明新宝轩,光明新区田寮路北侧、,深房许字（2017）光明,
深圳市宜泰置业发展有,深城投·中心公馆,坪山区坪山街道六合社,深房许字（2017）坪山,
深圳市地铁集团有限公,深湾汇云中心一期,深湾一路与白石四道交,深房许字（2017）南山,
深圳市凯德丰投资有限,拾悦里雅居,深圳市宝安区沙井街道,深房许字（2017）宝安,
深圳市康达尔(集团)股,康达尔山海上园（二期,宝安区西乡街道,深房许字（2017）宝安,
深圳市沙浦巨帆投资有,满京华云著花园（二期,深圳市宝安区松岗街道,深房许字（2017）宝安,
深圳市润科房地产开发,润科华府（一期）,宝安区航城街道,深房许字（2017）宝安,
深圳华侨城房地产有限,香山里花园四期,香山西街与沙河东路交,深房许字（2017）南山,
深圳市鸿荣源实业有限,壹成中心花园（A824-0,深圳市龙华区龙华街道,深房许字(2017)龙华01,
华润置地（深圳）发展,柏瑞花园,南山区科苑大道与海德,深房许字（2017）南山,
深圳市南联投资发展有,八仙岭华庭,深圳市龙岗区龙岗街道,深房许字（2017）龙岗,
深圳市天荣盛房地产开,天汇时代花园一期,风景南路西侧、振发路,深房许字（2017）光明,
深圳市宣威田丰房地产,碧海君庭,宝安区西乡街道,深房许字（2017）宝安,
深圳市百年春投资发展,嘉洲商务中心（A007-0,宝安区新安街道,深房许字（2017）宝安,
深圳市喀斯特中环星苑,中环阳光星苑,龙岗区平湖街道,深房许字（2017）龙岗,
深圳城盛房地产开发有,兰江山第花园二期,深圳市福田区梅林街道,深房许字（2017）福田,
深圳市向西雍睦豪庭房,向西雍睦豪庭,深南东路与东门南路交,深房许字（2017）罗湖,
深圳市乐安房地产有限,远洋新天地家园,深圳市龙岗区龙城街道,深房许字（2017）龙岗,
深圳市凯丰实业有限公,龙光玖龙台（一期）,光明新区高新技术园东,深房许字（2017）光明,
深圳市鸿荣源房地产开,尚峻御园,龙华区大浪办事处民塘,深房许字（2017）龙华,
深圳市万龙靓投资发展,金域领峰花园,龙岗区布吉街道,深房许字（2017）龙岗,
深圳市骏腾置业有限公,龙光玖云著大楼3号楼,坪山区中山大道与振环,深房许字（2017）坪山,
深圳华侨城房地产有限,天鹅湖花园（二期）,南山区侨香路南侧,深房许字（2017）南山,
深圳市骏腾置业有限公,龙光玖云著大楼2号楼,坪山区中山大道与振环,深房许字（2017）坪山,
深圳市泰富华澜湾置业,奥园.翡翠东湾花园,坪山区金牛东路以南、,深房许字（2017）坪山,
深圳市耀凯房地产投资,安峦公馆,福田区,深房许字（2017）福田,
深圳中维菁山房地产开,泰禾广场,深圳市坪山区中山大道,深房许字（2017）坪山,
深圳市地铁集团有限公,汇隆商务中心二期,深圳市龙华新区深圳北,深房许字（2017）龙华,
深圳市深房集团龙岗开,深房翠林苑,龙岗区龙凤路,深房许字（2017）龙岗,
中粮地产集团深圳房地,中粮紫云大厦,深圳市宝安区新安街道,深房许字（2017）宝安,
深圳市锦福城房地产开,宝观城锦鲤大厦,龙华区观湖街道人民路,深房许字（2017）龙华,
深圳市茂兴置业有限公,碧桂园阳光苑,深圳市龙岗区坂田街道,深房许字（2017）龙岗,
东莞骏轩实业有限公司,碧桂园星荟大厦,光明新区南环大道以北,深房许字（2017）光明,
明发集团（深圳）房地,明发光明轩,光明新区田寮路北侧、,深房许字（2017）光明,
深圳市德瀚投资发展有,招商开元中心一期01地,罗湖区笋岗街道,深房许字（2017）罗湖,
深圳龙岗区启迪协信科,启迪协信科技园,盐龙大道东面青春路北,深房许字（2017）龙岗,
深圳市德瀚投资发展有,招商开元中心一期04地,罗湖区笋岗街道,深房许字（2017）罗湖,
深圳市德瀚投资发展有,招商开元中心一期01地,罗湖区笋岗街道,深房许字（2017）罗湖,
深圳凯南房地产开发有,东方盛世花园（二期E.,深圳市龙岗区布吉街道,深房许字（2017）龙岗,
深圳凯南房地产开发有,东方盛世花园（二期E.,深圳市龙岗区笔记街道,深房许字（2017）龙岗,
深圳凯南房地产开发有,东方盛世花园（二期E.,深圳市龙岗区布吉街道,深房许字（2017）龙岗,
深圳市宝安石鸿工贸有,银鸿大楼,深圳市宝安区新安街道,深房许字（2017）宝安,
深圳恒邦伟业投资集团,恒邦时代大厦,福田区华强北,深房许字（2017）福田,
深圳市东方欣悦实业有,安托山花园（一期）,福田区安托山六路,深房许字（2017）福田,
深圳市富上佳房地产开,阳基御龙山家园,龙华区福城办事处,深房许字（2017）龙华,
深圳恒邦伟业投资集团,恒邦时代大厦,福田区华强北,深房许字（2017）福田,
前海君临实业发展（深,恒大天璟大厦,南海大道和登良路交汇,深房许字（2017）南山,
深圳市地铁集团有限公,汇德大厦,龙华区民治街道,深房许字（2017）龙华,
深圳市鹏城置业投资发,珑门名苑（A924-0172）,龙华区观澜福城办事处,深房许字（2017）龙华,
深圳市龙光骏景房地产,龙光玖钻商务中心,龙华区民治办事处,深房许字（2017）龙华,
深圳市鸿荣源房地产开,尚峻花园（一期）,龙华区大浪办事处民塘,深房许字（2017）龙华,
深圳市盛隆兴业投资发,铭德大厦,龙岗区龙城街道白灰围,深房许字（2017）龙岗,
深圳市龙城广场房地产,万科时代广场,龙岗区龙城街道,深房许字（2017）龙岗,
深圳市宜泰置业发展有,深城投·中心公馆,坪山区坪山街道兰竹西,深房许字（2017）坪山,
深圳市龙光骏景房地产,龙光玖钻商务中心,龙华区民治办事处,深房许字（2017）龙华,
深圳市霖梓投资发展有,恒荣立方商厦,宝安区西乡街道,深房许字（2017）宝安,
深圳华侨城城市更新投,宝亭锦园,宝安区沙井街道,深房许字（2017）宝安,
深圳市泰富华澜湾置业,奥园.翡翠东湾花园,坪山区金牛东路以南，,深房许字（2017）坪山,
深圳市润科房地产开发,润科华府(二期）,宝安区西乡鹤洲洲石路,深房许字（2017）宝安,
深圳市星顺房地产开发,星河荣御花苑（二期）,沙井街道,深房许字（2017）宝安,
深圳市骏腾置业有限公,龙光玖云著大楼,坪山区坪山街道中山大,深房许字（2016）坪山,
深圳市信利康电商科技,信利康大厦,深圳市前海深港合作区,深房许字（2017）前海,
运泰建业置业（深圳）,侨城坊（一期）,南山区侨香路北、北环,深房许字（2017）南山,
深圳市地铁集团有限公,深湾汇云中心（二期）,深湾一路与白石四路交,深房许字（2017）南山,
深圳市茂兴置业有限公,碧桂园荣汇花园,深圳市龙岗区坂田街道,深房许字（2017）龙岗,
深圳市华盛置业有限公,华盛新沙荟名庭（三期,宝安区沙井街道,深房许字（2017）宝安,
深圳市乐安房地产有限,远洋新天地家园,深圳市龙岗区龙城街道,深房许字（2017）龙岗,
深圳市向南枫叶投资有,前海枫叶大厦,南山区常兴路与丁头南,深房许字（2016）南山,
深圳市合正房地产集团,丹郡花园,龙岗大道和丹平快速路,深房许字（2016）龙岗,
天基房地产开发(深圳),远洋新干线君域花园,龙岗区龙岗街道,深房许字（2016）龙岗,
深圳市铖源实业发展有,金基吉祥广场,深圳市龙岗区龙岗中心,深房许字（2016）龙岗,
深圳市众驰伟业投资发,华创云轩,深圳市龙岗区坂田街道,深房许字（2016）龙岗,
深圳市富驰房地产开发,富驰大厦,深圳市龙华新区东环二,深房许字[2016]龙华01,
深圳市心海腾楗投资发,心海城一期07地块2栋,坪山新区坪山街道比亚,深房许字（2016）坪山,
华润置地（深圳）有限,华润城润府二期（一区,铜鼓路东面科发路北面,深房许字（2016）南山,
深圳市特区建设发展集,融悦山居C区,龙岗区平湖街道,深房许字（2016）龙岗,
深圳市特区建设发展集,融悦山居B区,龙岗区平湖街道,深房许字（2016）龙岗,
深圳市万科云城房地产,万科云城（六期）,石鼓路和打石一路交汇,深房许字（2016）南山,
美洲联冠置业（深圳）,万科深南广场,罗湖区深南东路,深房许字（2016）罗湖,
深圳市朗通房地产开发,塘朗城广场（西区）,留仙大道和地铁塘朗站,深房许字（2016）南山,
深圳市鸿荣源实业有限,壹成中心花园（A824-0,龙华新区龙华街道人民,深房许字（2016）龙华,
深圳市长庆房地产开发,长庆小时代雅轩,龙岗区布吉街道石芽岭,深房许字（2016）036号,
深圳冠洋房地产有限公,诚盈商务中心,月亮湾大道与棉山路交,深房许字（2016）南山,
深圳市泰富华天峦湖置,天峦湖花园,深圳市坪山新区坪山街,深房许（2016）坪山00,
深圳市泰富华天峦湖置,天峦湖花园五栋,坪山新区坪山街道马峦,深房许字(2016)坪山00,
深圳市金洪实业投资发,华盛观荟名庭,观澜办事处,深房许字（2016）龙华,
深圳市中天美景地产投,中天美景大厦,坪山新区中山大道以北,深房许字[2016]坪山00,
深圳前海卓越汇康投资,前海卓越金融中心T201,深圳市前海深港合作区,深房许字（2016）前海,
深圳市赤湾房地产开发,山语海苑（一期）,赤湾少帝路南侧,深房许字（2016）南山,
深圳市宇宏投资集团有,岭宏健康家园,龙岗区南湾街道,深房许字(2016)龙岗03,
深圳市佳华房地产开发,佳华领域广场（一期）,龙华新区观湖街道,深房许字（2016）龙华,
深圳市心海腾楗投资发,心海城一期08地块,深圳市坪山新区坪山街,深房许字（2016）坪山,
深圳市心海腾楗投资发,新海城一期08地块,深圳市坪山新区坪环路,深房许字（2016）坪山,
华润置地（深圳）有限,华润城润府二期（二、,南山区铜鼓路东侧科发,深房许字（2016）南山,
深圳招商房地产有限公,海上世界双玺花园三期,望海路,深房许字（2016）南山,
深圳市盛隆兴业投资发,吉祥里豪庭,龙岗区龙城街道白灰围,深房许字(2016)龙岗03,
中粮地产集团深圳房地,中粮紫云花园,宝安区新安街道,深房许字（2016）宝安,
深圳市信旺房地产开发,信义荔景御园,深圳市龙岗区布吉街道,深房许字（2016）龙岗,
深圳市湖贝实业股份有,益田假日府邸,光明新区松白路与南环,深房许字(2016)光明00,
深圳朗泓房地产有限公,龙园大观花园一期,龙岗区龙岗街道,深房许字（2016）029号,
深圳市泰富华天峦湖置,天峦湖花园,深圳市坪山新区坪山街,深房许字(2016)坪山00,
深圳市东部开发(集团),东部英郡假日广场,龙岗区南湾街道丹竹头,深房许字(2016）龙岗0,
深圳市新豪方房地产有,豪方天际花园（一期）,北环大道和南山大道交,深房许字（2016）南山,
宝能地产股份有限公司,宝能城市公馆（三期）,福田区广深高速公路北,深房许字（2016）福田,
华银通宝投资有限公司,华苑,宝安区西乡街道,深房许字(2016)宝安00,
中粮地产（深圳）实业,中粮云景花园北区,光明新区公明街道松白,深房许字（2016）光明,
深圳华侨城房地产有限,香山里花园三期,华侨城香山里西街,深房许字（2016）南山,
深圳市喜盈盈投资有限,松河瑞园一期2栋,深圳市宝安区松岗街道,深房许字（2016）宝安,
深圳市地铁集团有限公,汇隆商务中心,龙华新区民治街道,深房许字（2016）龙华,
深圳市华佳业房地产开,华业玫瑰四季馨园二期,民治街道,深房许字（2016）龙华,
深圳市鸿荣源实业有限,壹成中心花园（A824-0,龙华新区龙华街道东环,深房许字（2016）龙华,
深圳市鼎宏投资发展有,融湖时代花园,深圳市龙岗区平湖街道,深房许字（2016）龙岗,
深圳市秋铭投资发展有,峰荟时代科技中心,光明新区公明街道南环,深房许字（2016）光明,
深圳市鹏广达商业管理,四季水岸雅居,盐田区后方陆域北山道,深房许字（2016）盐田,
前海世茂发展（深圳）,前海世茂金融中心一期,深圳市前海深港合作区,深房许字（2016）前海,
深圳华侨城房地产有限,香山美墅花园,香山中路,深房许字（2016）南山,
深圳市永晋盈投资有限,幸福城商业大厦,龙华新区龙华办事处,深房许字（2016）龙华,
深圳市前海股份有限公,前海东岸花园,北环大道与南山大道交,深房许字（2016）南山,
深圳市佳华房地产开发,佳华领汇广场二期,深圳市龙岗区坂田区,深房许字（2016）龙岗,
深圳市中民投资发展有,龙平紫园,龙岗区龙城街道龙平西,深房许字（2016）龙岗,
深圳市卓越宝中房地产,卓越宝中时代广场二期,宝安区新安街地,深房许字（2016）宝安,
深圳泛亚房地产开发有,中骏蓝湾翠岭花园一期,深圳市龙岗区龙岗街道,深房许字（2016）龙岗,
深业进智物流发展有限,深业进元大厦,罗湖区清水河一路11号,深房许字(2016)罗湖00,
深圳市祥华投资发展有,花语馨花园,深圳市龙岗区布吉街道,深房许字（2016）龙岗,
深圳市淞江康纳投资有,金地凯旋广场,龙岗街道龙城南路西面,深房许字（2016）龙岗,
深圳市鸿荣源实业有限,壹成中心花园（A824-0,龙华街道东环一路西侧,深房许字（2016）龙华,
深圳华侨城房地产有限,天鹅湖花园（一期）,侨香路与香山西街交汇,深房许字（2016）南山,
深圳市投资控股有限公,深圳湾科技生态园,南山区白石路与沙河西,深房许字（2016）南山,
深圳市泰富华天峦湖置,天峦湖花园,深圳市坪山新区坪山街,深房许字（2016）坪山,
深圳市潮商东部投资有,潮商广场,坪山新区坪山街道中山,深房许字（2016）坪山,
深圳市恒裕实业（集团,恒裕嘉城花园,龙岗区爱南路与同富路,深房许字（2016）龙岗,
深圳市金众地产集团有,金众金域阁,龙华新区民治街道,深房许字（2016）龙华,
中粮地产（深圳）实业,中粮云景花园南区,光明新区公明办事处松,深房许字（2016）光明,
深圳市万科云城房地产,万科云城（三期）,石鼓路西侧,深房许字（2016）南山,
深圳市宝安东海实业有,华海金湾公馆（A104-0,宝安区西乡街道,深房许字（2016）宝安,
深圳市瑞和佳源房地产,星河传奇商厦,龙华新区民治上塘,深房许字（2016）龙华,
深圳市赛格新城市建设,赛格新城市广场,龙岗区布吉街道,深房许字（2016）龙岗,
深圳市地铁集团有限公,地铁锦上花园,龙岗区横岗街道地铁横,深房许字（2016）龙岗,
深圳市创浩通房地产开,星河智荟花园,深圳市龙岗区横岗街道,深房许字（2016）龙岗,
壹方置业（深圳）有限,壹方商业中心,宝安中心区新湖路与创,深房许字（2016）宝安,
深圳市创浩通房地产开,星河智荟花园,深圳市龙岗区横岗街道,深房许字（2016）龙岗,
深圳市国惠康国泰房地,深业泰然玫瑰轩,深圳市龙华新区观澜大,深房许字（2016）龙华,
深圳市中爱联实业有限,荣德时代广场,深圳市龙岗区横岗地铁,深房许字（2016）龙岗,
深圳市宁佳置业有限公,宁佳花园,龙岗区龙城街道,深房许字（2016）龙岗,
深圳市地业乐安房地产,全盛紫悦龙庭3栋,深圳市龙岗区龙城街道,深房许字（2015）龙岗,
深圳市地业乐安房地产,全盛紫悦龙庭2栋,龙岗区龙城街道,深房许字（2015）龙岗,
深圳泛亚房地产开发有,中骏蓝湾翠岭一期,深圳市龙岗区龙岗街道,深房许字(2016)龙岗01,
深圳市承翰信息咨询有,陶柏莉花园（一期）,大鹏新区葵涌办事处丰,深房许字（2016)大鹏0,
新旺实业发展（深圳）,深业东岭花园二期,罗湖区深南路与沿河路,深房许字（2016）罗湖,
宝吉工艺品（深圳）有,佳兆业中央广场三期,深圳市龙岗区坂雪大道,深房许字（2016）龙岗,
宝吉工艺品（深圳）有,佳兆业中央广场三期,深圳市龙岗区坂雪岗大,深房许字（2016）龙岗,
深圳市宏发房地产开发,宏发世纪花园(A712-06,宝安区石岩街道,深房许字(2016)宝安00,
广东城脉地产有限公司,城脉深圳湾公馆,后海大道与东滨路交汇,深房许字（2016）南山,
深圳市嘉兴福房地产开,嘉霖悦禧园,深圳市龙岗区坂田街道,深房许字（2016）龙岗,
深圳市嘉兴福房地产开,嘉霖悦禧园,深圳市龙岗区坂田街道,深房许字（2016）龙岗,
深圳半岛城邦房地产开,半岛城邦花园（三期）,蛇口东角头望海路南侧,深房许字（2016）南山,
深圳市海王星辰实业有,海王星辰大厦,东滨路与后海滨路交汇,深房许字（2015）南山,
宝能城有限公司,宝能城花园,留仙大道与塘朗地铁站,深房许字（2016）南山,
深圳市万科云城房地产,万科云城（三期）,石鼓路西侧,深房许字（2016）南山,
深圳市龙城广场房地产,万科时代广场,龙岗区龙城街道,深房许字（2016)龙岗0,
深圳泛亚房地产开发有,中骏蓝湾翠岭花园一期,深圳市龙岗区龙岗街道,深房许字（2016）龙岗,
深圳泛亚房地产开发有,中骏蓝湾翠岭花园一期,深圳市龙岗区龙岗街道,深房许字（2016）龙岗,
深圳泛亚房地产开发有,中骏蓝湾翠岭花园一期,深圳市龙岗区龙岗街道,深房许字（2016）龙岗,
深圳市深业中城有限公,深业中城（05-03地块）,福田区红荔西路与农坊,深房许字（2016）福田,
深圳市金安城房地产开,星航华府四期,深圳市宝安区福永街道,深房许字（2016）宝安,
深圳市正大国利投资有,正大时代华庭,深圳市龙岗区振海路与,深房许字（2016）龙岗,
深圳市泉堂实业发展有,天福华府（A区）,深圳市宝安区西乡广深,深房许字【2016】宝安,
深圳市万鸿嘉投资发展,金域中央花园二期,布吉街道水径社区,深房许字（2016）龙岗,
深圳市嘉兴福房地产开,嘉霖悦禧园,深圳市龙岗区坂田街道,深房许字（2016）龙岗,
深圳市吉厦房地产开发,国香山翡翠华庭1栋及3,深圳市龙岗区南湾街道,深房许字（2016）龙岗,
新锦安实业发展(深圳),新锦安壹号公馆,宝安区新安街道,深房许字（2016）宝安,
深圳市信贤房地产开发,信义御珑豪园,深圳市坂田街道大发埔,深房许字（2016）龙岗,
深圳市宇宏投资集团有,岭宏健康家园,龙岗区南湾街道,深房许字（2016）龙岗,
深圳市聚龙湾投资发展,公园里花园四期,南湾街道樟树布社区,深房许字（2016）龙岗,
深圳市合裕房地产开发,爵悦公馆1栋,深圳市龙岗区清霞路与,深房许字（2016）龙岗,
深圳市奥宸房地产开发,奥宸观壹城华轩（A928,龙华新区观澜办事处松,深房许字（2016）龙华,
深圳市信旺房地产开发,信义荔山御园C区7栋,深圳市布吉街道罗岗社,深房许字（2016）龙岗,
深圳市福民合建投资有,澜汇花园,龙华新区观澜大道西侧,深房许字（2016）龙华,
深圳前海卓越汇康投资,前海卓越金融中心（宗,深圳市前海深港合作区,深房许字（2016）前海,
深圳市宇宏投资集团有,岭宏健康家园4栋、14栋,龙岗区南湾街道,深房许字（2015）龙岗,
深圳市地业乐安房地产,全盛紫悦龙庭1栋,深圳市龙岗区龙城街道,深房许字（2015）龙岗,
万菱实业（深圳）有限,彩云轩,宝安区西乡街道,深房许字（2015）宝安,
深圳仙诺制药有限公司,宝丰苑,罗湖区金稻田路与东湖,深房许字（2015）罗湖,
深圳市淞江康纳投资有,金地名郡园,深圳市龙岗区龙岗大道,深房许字（2015）龙岗,
深圳市盛迪嘉房地产开,盛迪嘉光明壹号花园三,光明高新西区科发路西,深房许字（2015）光明,
深圳市盛迪嘉房地产开,盛迪嘉光明壹号花园三,光明高新西区科发路西,深房许字（2015）光明,
深圳市毅骏房地产开发,中海鹿丹名苑,罗湖区红岭南路与滨河,深房许字（2015）罗湖,
华润置地（深圳）发展,柏宁花园,科苑路,深房许字（2015）南山,
华润置地（深圳）有限,华润城华润置地大厦（,深南大道北面铜鼓路东,深房许字（2015）南山,
深圳市方大置业发展有,方大广场（一期）,龙珠四路与北环大道交,深房许字（2015）南山,
深圳市特发集团有限公,和平里花园II期,深圳市龙华新区民治办,深房许字（2015）龙华,
深圳市赤湾投资发展有,前海丹华园,赤湾四路以北、赤湾九,深房许字（2015）南山,
深圳市赤湾投资发展有,前海丹华园,赤湾四路以北，赤湾九,深房许字（2015）南山,
深圳市赤湾投资发展有,前海丹华园,赤湾四路以北，赤湾九,深房许字（2015）南山,
深圳市力高大道置业有,力高君御花园,坪山新区坪山街道中山,深房许字（2015）坪山,
深圳市宏发房地产开发,前城滨海花园（A105-1,宝安区西乡街道,深房许字（2015）宝安,
深圳市地铁集团有限公,地铁前海时代广场（9号,前海深港现代服务业合,深房许字（2015）前海,
雄伟房地产开发（深圳,卓能雅苑,龙华新区民治街道布龙,深房许字（2015）龙华,
深圳市金骏房地产有限,玖龙玺花园二期北区,龙华新区新区大道与白,深房许字[2015]龙华02,
深圳市岗厦实业股份有,岗厦皇庭大厦,深圳市福田区金田路东,深房许字（2015）福田,
深圳市福中福房地产开,幸福港湾尚品居,宝安区西乡街道,深房许字（2015）宝安,
深圳市皇庭房地产开发,岗厦皇庭大厦,深圳市福田区金田路东,深房许字（2015）福田,
深圳市怀德房地产开发,怀德峰景南园,宝安区福永街道,深房许字（2015）宝安,
深圳市德润创展房地产,德润荣君府2栋、4栋,坂田街道布龙公路南侧,深房许字（2015）050号,
中粮地产（集团）股份,中粮凤凰里花苑,深圳市宝安区福永街道,深房许字（2015）宝安,
深圳机场地产有限公司,领航城领秀花园,宝安区西乡街道,深房许字（2015）宝安,
深圳市香江供应链管理,香江金融大厦,深圳市前海深港现代服,深房许字（2015）前海,
深圳荣超实业有限公司,高新区联合总部大厦,学府路与科苑南路交汇,深房许字（2015）南山,
深圳市万疆城投资发展,金域九悦花园（北区）,深圳市龙华新区悦兴路,深房许字（2015）龙华,
深圳市恒地投资有限公,恒地悦山湖花园2号楼,深圳市龙岗区横岗街道,深房许字（2015）龙岗,
深圳市恒地投资有限公,恒地悦山湖花园1号楼,深圳市龙岗区横岗街道,深房许字（2015）047号,
深圳市奥宸房地产开发,奥宸观壹城华府（A928,龙华新区观澜办事处松,深房许字（2015）龙华,
深圳市物业发展(集团),深物业前海港湾花园,月亮湾大道与兴海大道,深房许字（2015）南山,
深圳市新南水门投资有,水门逸欣园,龙岗区平湖街道,深房许字（2015）龙岗,
深圳市合泰地产集团有,御景翠峰小区,盐田区沙头角径口村,深房区沙头角（2015）,
深圳市港城建业房地产,港城蓝山雅园,盐田区后方陆域中青一,深房许字（2015）盐田,
深圳市地铁集团有限公,地铁锦上花园,深圳市龙岗区横岗街道,深房许字（2015）龙岗,
深圳中海地产有限公司,中海锦城花园西区,龙华新区民治街道,深房许字（2015）龙华,
深圳招商房地产有限公,海上世界双玺花园三期,望海路,深房许字（2015）南山,
宝能城有限公司,宝能城花园,留仙大道与塘朗地铁站,深房许字（2015）南山,
深圳市美宝田实业有限,满京华艺峦大厦,宝安区西乡街道,深房许字（2015）宝安,
深圳市德润创展房地产,德润荣君府,坂田街道布龙公路南侧,深房许字（2015）龙岗,
深圳市鹏龙实业有限公,联美新天地华府,深圳市龙岗区布吉街道,深房许字（2015）龙岗,
深圳市鸿荣源实业有限,壹成中心花园（A824-0,龙华新区龙华街道人民,深房许字［2015］龙华,
深圳市喜盈盈投资有限,松河瑞园二期,深圳市宝安区松岗街道,深房许字（2015）宝安,
深圳市喜盈盈投资有限,松河瑞园二期,深圳市宝安区松岗街道,深房许字（2015）宝安,
深圳市喜盈盈投资有限,松河瑞园二期,深圳市宝安区松岗街道,深房许字（2015）宝安,
深圳市大新尚盛投资有,大新时代大厦,学府路,深房许字（2015）南山,
深圳市大新尚盛投资有,大新时代大厦,学府路,深房许字（2015）南山,
威新地产（深圳）有限,金地威新公寓,科技南路与高新南十道,深房许字（2014）南山,
深圳市鹏城置业投资发,珑门名苑（A924-0173),龙华新区观澜办事处豆,深房许字（2015）龙华,
深圳市金骏房地产有限,玖龙玺花园二期南区,龙华新区大道与白石龙,深房许字（2015）龙华,
华润置地（深圳）有限,华润城润府二期（一区,铜鼓路东面科发路北面,深房许字（2015）南山,
深圳市九州房地产开发,万科天誉花园二期5栋,龙岗区龙城街道,深房许字（2015）龙岗,
深圳市银海实业有限公,恒裕滨城花园（二期）,后海滨路与招商东路交,深房许字(2015)南山02,
深圳市银海实业有限公,恒裕滨城花园（二期）,后海滨路与招商路交汇,深房许字（2015）南山,
中国南山开发(集团)股,赤湾海鹏阁,华英路南面,深房许字（2015）南山,
深圳市合裕房地产开发,爵悦公馆3栋,深圳市龙岗区清霞路与,深房许字（2015）龙岗,
深圳市合裕房地产开发,爵悦公馆2栋,深圳市龙岗区清霞路与,深房许字（2015）龙岗,
华润（深圳）地产发展,银湖蓝山润园二期,罗湖区清水河街道银湖,深房许字（2015）罗湖,
深圳市市建置业有限公,塑和公园华府,罗湖区人民北路人民公,深房许字（2015）罗湖,
深圳市黄贝岭靖轩实业,靖轩豪苑,罗湖区黄贝岭,深房许字（2015）罗湖,
华联控股股份有限公司,华联城市全景花园,宝安区创业二路与公园,深房许字(2015)宝安01,
深圳市卓越宝中房地产,卓越宝中时代广场（一,宝安区新安街道,深房许字（2015）宝安,
深圳市吉厦房地产开发,国香山翡翠华庭2栋,深圳市龙岗区南湾街道,深房许字(2015)龙岗04,
深圳市万科滨海房地产,壹海城三区（2期）,盐田区海景二路,深房许字（2015）盐田,
深圳市诚品地产有限公,水湾壹玖柒玖广场（一,荔园路与太子路交汇处,深房许字（2015）南山,
深圳市善嘉置业有限公,上善梧桐苑,深圳市盐田区海山路98,深房许字（2015）盐田,
深圳市万科滨海房地产,壹海城三期2期,深圳市盐田区海景二路,深房许字（2015）盐田,
深圳市万科滨海房地产,壹海城三区2期,深圳市盐田区海景二路,深房许字（2015）盐田,
深圳市松茂房地产集团,松茂御龙湾雅苑,深圳市宝安西乡中心区,深房许字（2014）宝安,
深圳市松茂房地产集团,松茂御龙湾雅苑,深圳市宝安西乡中心区,深房许字(2014)宝安01,
深圳市中爱联实业有限,荣德雨辰公寓,深圳市龙岗区横岗街道,深房许字（2015）龙岗,
深圳亘富投资有限公司,锦缘里嘉园,罗湖区沿河南路3026号,深房许字(2015)罗湖00,
深圳市力高大道置业有,九高君御花园,深房许字（2015）坪山,深房许字（2015）坪山,
宝能地产股份有限公司,宝能城市公馆（一、二,福田区农林路21号,深房许字（2015）福田,
深圳市港信达投资发展,港信达银信广场,深圳市横岗街道松柏路,深房许字（2015）龙岗,
港铁物业发展（深圳）,荟港尊邸2期,大浪街道布龙路与和平,深房许字（2015）龙华,
深圳市投资控股有限公,深圳湾科技生态园,南山区白石路与沙河西,深房许字（2015）南山,
深圳市聚龙湾投资发展,公园里花园四期2栋,龙岗区南湾街道,深房许字（2015）龙岗,
深圳市万鸿嘉投资发展,金域中央花园二期,龙岗区布吉街道水径社,深房许字（2015）龙岗,
深圳市龙城广场房地产,万科时代广场1栋,龙岗区龙城街道,深房许字（2015）龙岗,
深圳市儒骏泰峰房地产,骏雅居,龙岗区坂田街道,深房许字（2015）龙岗,
深圳市金龙房地产开发,公园一号广场,南海大道与创业路交汇,深房许字（2015）南山,
深圳市儒骏泰峰房地产,骏雅居,龙岗区坂田街道,深房许字（2015）龙岗,
深圳市万科云城房地产,万科云城（一期）,南山区石鼓路,深房许字（2015）南山,
深圳市鹏瑞地产开发有,鹏瑞深圳湾壹号广场（,科苑大道与东滨路交汇,深房许字（2014）南山,
深圳市鹏瑞地产开发有,鹏瑞深圳湾壹号广场（,科苑大道与东滨路交汇,深房许字（2015）南山,
深圳市鹏瑞地产开发有,鹏瑞深圳湾壹号广场（,科苑大道与东滨路交汇,深房许字（2014）南山,
深圳市鹏瑞地产开发有,鹏瑞深圳湾壹号广场（,科苑大道与东滨路交汇,深房许字（2015）南山,
深圳市鹏瑞地产开发有,鹏瑞深圳湾壹号广场（,科苑大道与东滨路交汇,深房许字（2015）南山,
深圳市宏发房地产开发,宏发世纪花园,宝安石岩街道,深房许字（2015）宝安,
深圳市联投置地有限公,联投东方华府（二期）,深圳市宝安区松岗街道,深房许字（2015）宝安,
深圳市富士投资（集团,富士嘉园,观澜办事处华中街,深房许字（2015）龙华,
深圳机场地产有限公司,领航城领尚华府,宝安区西乡街道,深房许字（2015）宝安,
深圳市世基房地产开发,嘉悦山花园·,龙岗区坂田,深房许字（2015）龙岗,
深圳市科之谷投资有限,深业上城（南区）二期,深圳市福田区皇岗路50,深房许字（2015）福田,
深圳市松茂房地产集团,松茂御龙湾雅苑,深圳市宝安区西乡中心,深房许字（2015）008号,
深圳市力高大道置业有,力高君御花园,坪山新区坪山街道中山,深房许字（2015）坪山,
深圳市志天下实业有限,太阳雨家园,龙岗区坂田街道坂雪岗,深房许字（2015）龙岗,
深圳市红荷森泉置业发,森泉雅轩,龙岗横岗街道办,深房许字（2015）龙岗,
深圳市龙华龙屋投资有,盛荟居,深圳市龙华新区民治街,深房许字（2015）龙华,
深圳市中熙房地产开发,中熙香山美林苑,东滨路与南光路交汇处,深房许字（2015）南山,
深圳市宇宏投资集团有,岭宏健康家园,龙岗区南湾街道,深房许字（2015）龙岗,
深圳市光明商业中心开,新地中央广场,光明新区光明大道与河,深房许字（2015）光明,
深圳市泉堂实业发展有,天福华府(B区),深圳市宝安区西乡广深,深房许字(2015)宝安00,
深圳市龙华上塘股份合,星河传奇花园二期,龙华新区民治上塘,深地合字（2015）龙华,
深圳市金洪实业投资发,华盛峰荟名庭（一期）,龙华新区泗黎路与悦兴,深房许字（2015）龙华,
深圳市龙华上塘股份合,星河传奇花园二期,龙华新区民治上塘,深房许字（2015）龙华,
深圳市联投置地有限公,联投东方华府（一期）,宝安区松岗街道,深房许字（2014）宝安,
深圳市淞江康纳投资有,金地凯旋广场,深圳市龙岗区龙岗街道,深房许字（2015）龙岗,
深圳市淞江康纳投资有,金地凯旋广场,深圳市龙岗区龙岗街道,深房许字（2015）龙岗,
深圳市诚品地产有限公,水湾壹玖柒玖广场（二,荔园路与太子路交汇处,深房许字（2015）南山,
深圳市聚龙湾投资发展,公园里花园四期,龙岗区南湾街道,深房许字（2015）龙岗,
深圳市佳华房地产开发,佳华领汇广场一期,坂田街道吉华路和五和,深房许字（2015）龙岗,
深圳市银江置地开发有,银江春晓家园,深圳市龙华新区观澜街,深房许字【2015】龙华,
深圳市银江置地开发有,银江春晓家园,深圳市龙华新区观澜街,深房许字【2015】龙华,
深圳市九州房地产开发,万科天誉花园二期8栋,龙岗区龙城街道,深房许字（2015）龙岗,
深圳市万疆城投资发展,金域九悦花园,深圳市龙华新区观澜街,深房许字【2015】龙华,
深圳市万疆城投资发展,金域九悦花园（南区）,深圳市龙华新区观澜办,深房许字【2015】龙华,
深圳市文宝峰投资发展,平安里家园,深圳市龙岗区龙平西路,深房许字（2015）龙岗,
深圳华侨城房地产有限,香山美墅花园,香山中街,深房许字（2015）南山,
深圳市国惠康国泰房地,深业泰然观澜玫瑰苑,深圳市龙华新区观澜街,深房许字【2015】龙华,
深圳市泰富华天峦湖置,天峦湖花园,深圳市坪山新区大山陂,深房许字（2015）坪山,
深圳市汉森房地产开发,吉祥龙花园,科苑南路与工业七路交,深房许字（2014）南山,
深圳市新屋吓英隆房地,荣超新成大厦·,深圳市龙岗区大运新城,深房许字（2015）023号,
深圳市海岸融通投资有,海岸环庆大厦,深圳市福田区福田路24,深房许字（2015）福田,
深圳市金地大百汇房地,岗厦天元花园5栋,深圳市福田区河园路东,深房许字（2015）福田,
深圳泛亚房地产开发有,中骏蓝湾翠岭花园一期,龙岗区龙岗街道,深房许字（2015）龙岗,
深圳泛亚房地产开发有,中骏蓝湾翠岭花园一期,龙岗区龙岗街道,深房许字（2015）龙岗,
深圳市南岭新力佳投资,尚峰花园,深圳市龙岗区南湾街道,深房许字（2015）龙岗,
深圳机场地产有限公司,领丽花园,宝安西乡街道,深房许字（2015）宝安,
港铁物业发展（深圳）,荟港尊邸一期,龙华新区和平路与布龙,深房许字（2015）龙华,
深圳市万科滨海房地产,壹海城三区C\D座,深圳市盐田区海景二路,深房许字[2015]盐田00,
深圳市宇宏投资集团有,岭宏健康花园,龙岗区南湾街道,深房许字（2015）龙岗,
深业沙河（集团）有限,深业世纪工业中心,宝安区洲石路与北二路,深房许字(2015)宝安00,
深圳市力高大道置业有,力高君御花园,坪山新区中山大道与锦,深房许字（2015）坪山,
深圳市金地北城房地产,金地塞拉维花园（南区,深圳市龙华新区观澜街,深房许字（2015）龙华,
深业沙河（集团）有限,深业世纪工业中心,宝安区洲石路与北二路,深房许字(2015)宝安00,
深圳市地铁集团有限公,龙瑞佳园,兴海大道东侧,深房许字（2015）南山,
深圳市秋铭投资发展有,峰荟花园二期,光明新区公明办事处南,深房许字(2015)光明00,
深圳市九州房地产开发,万科天誉花园二期,龙岗区龙城街道,深房许字（2015）龙岗,
华润置地（深圳）有限,华润城润府（三、四期,新世界豪园路与铜鼓路,深房许字（2015）南山,
深圳市海王星辰实业有,海王星辰大厦,东滨路与后海滨路交汇,深房许字（2015）南山,
深圳市海王星辰实业有,海王星辰大厦,东滨路与后海滨路交汇,深房许字（2015）南山,
深圳市君成投资发展有,雍和园,深圳市宝安区西乡街道,深房许字（2015）宝安,
深圳市保利置地房地产,保利悦都花园,深圳市龙华新区办事处,深房许字【2015】龙华,
深圳市保利置地房地产,保利悦都花园,深圳市龙华新区龙华办,深房许字【2015】龙华,
深圳市六和房地产开发,六和商业广场一期,深圳市坪山新区坪山街,深房许字（2015）坪山,
深圳市金众地产集团有,金众金域半山花园,大鹏新区葵涌办事处丰,深房许字（2015）大鹏,
壹方置业（深圳）有限,壹方商业中心,深圳市宝安区新湖路与,深房许字（2015）宝安,
壹方置业（深圳）有限,壹方商业中心,宝安中心区新湖路与创,深房许字（2015）宝安,
壹方置业（深圳）有限,壹方商业中心,宝安中心区新湖路与创,深房许字（2015）宝安,
深圳市万科云城房地产,万科云城（一期）,南山区石鼓路,深房许字（2015）南山,
深圳市红荷庭苑房地产,颐安都会中央花园（II,龙岗区龙城街道,深房许字（2015）龙岗,
深圳市生良房地产开发,尚水天成花园,龙岗区布吉街道水径路,深房许字（2015）龙岗,
深圳市特区建设发展集,铂寓轩,宝安区西乡街道,深房许字（2014）宝安,
深圳华侨城房地产有限,燕晗山苑,侨香路,深房许字（2015）南山,
深圳市中洲宝城置业有,中洲华府商业大厦,深圳市宝安区创业二路,深房许字（2015）宝安,
深圳中海地产有限公司,中海锦城花园,民治办事处,深房许字【2015】龙华,
深圳博林集团有限公司,博林天瑞花园（二期）,留仙大道和平山一路交,深房许字（2015）南山,
深圳市朗通房地产开发,塘朗城广场（东区）,留仙大道与塘朗地铁站,深房许字（2015）南山,
深圳市宏发投资集团有,宏发嘉域花园二期,光明新区公明办事处松,深房许字（2015）光明,
深圳市高发投资控股有,高发悦驰苑,布吉镇雪象村,深房许字（2015）龙岗,
深圳博林集团有限公司,博林天瑞花园二期,留仙大道与平山一路交,深房许字（2015）南山,
深圳市新生辉投资有限,正兆景嘉园,光明新区双明大道北侧,深房许字（2015）光明,
深圳市龙井实业股份有,鼎胜金城世家豪园,西丽留仙大道与石鼓路,深房许字（2014）南山,
深圳市南油开发建设有,月亮湾山庄（三期）,兴海大道与前海路交汇,深房许字（2015）南山,
深圳市南油开发建设有,月亮湾山庄（三期）,兴海大道与前海路交汇,深房许字（2015）南山,
深圳市南油开发建设有,月亮湾山庄（三期）,兴海大道与前海路交汇,深房许字（2015）南山,
深圳市南油开发建设有,月亮湾山庄（三期）,兴海大道与前海路交汇,深房许字（2015）南山,
深圳市南油开发建设有,月亮湾山庄三期,兴海大道与前海路交汇,深房许字（2015）南山,
深圳市南油开发建设有,月亮湾山庄（三期）,兴海大道与前海路交汇,深房许字（2015）南山,
深圳市中爱联实业有限,荣德雨馨公寓,深圳市龙岗区横岗(街道,深房许字（2015）龙岗,
深圳市南岭新力佳投资,尚峰花园,深圳市龙岗区南湾街道,深房许字（2015）龙岗,
民生东都深圳房地产开,美地里园1栋,龙岗中心城东都路旁,深房许字（2015）龙岗,
深圳市南油开发建设有,月亮湾山庄（三期）,兴海大道与前海路交汇,深房许字（2015）南山,
深圳市怀德房地产开发,怀德广场,福永街道,深房许字（2014）宝安,
深圳市京基房地产股份,京基御景印象家园,深圳市坪山新区坪山街,深房许字(2015)坪山00,
深圳市麟恒投资发展有,东城中心花园（二期）,龙岗区横岗街道龙岗大,深房许字（2015）龙岗,
深圳坪山招商房地产有,招商花园,深圳市坪山新区坪山兰,深房许字(2015)坪山00,
深圳市宇宏投资集团有,岭宏健康花园,龙岗区南湾街道,深房许字（2015）龙岗,
港铁物业发展（深圳）,荟港尊邸2期,大浪街道布龙路与和平,深房许字（2015）龙华,
深圳市瑞恒投资发展有,勤诚达悦园,宝安区新安街道,深房许字（2014）宝安,
深圳市九州房地产开发,万科天誉花园二期9、1,龙岗区龙城街道,深房许字（2015）龙岗,
深圳市瑞恒投资发展有,勤诚达悦园,宝安区新安街道,深房许字（2014）宝安,
深圳市瑞恒投资发展有,勤诚达悦园,宝安区新安街道,深房许字（2014）宝安,
深圳招商房地产有限公,海上世界双玺花园（二,蛇口望海路南侧,深房许字（2015）南山,
深圳招商房地产有限公,海上世界双玺花园（二,蛇口望海路南侧,深房许字（2015）南山,
深圳招商房地产有限公,海上世界双玺花园（二,蛇口望海路南侧,深房许字（2015）南山,
深圳招商房地产有限公,海上世界双玺花园（二,蛇口望海路南侧,深房许字（2015）003号,
深圳市曦湾名苑地产有,曦湾天馥名苑,后海滨路与工业八路交,深房许字（2015）南山,
深圳市鹏广达置业有限,山海四季花园,盐田港后方陆域北山大,深房许字(2014)盐田00,
深圳市曦湾名苑地产有,曦湾天馥名苑,后海滨路与工业八路交,深房许字（2015）南山,
深圳市万联嘉投资发展,金域揽峰花园,龙岗区布吉水径,深房许字（2015）龙岗,
深圳市宏发投资集团有,宏发嘉域花园一期,光明新区公明办事处松,深房许字（2015）光明,
深圳市怀德房地产开发,怀德广场,宝安区福永街道,深房许字（2014）宝安,
深圳市光彩置业有限公,泛海城市广场,南山区兴海大道与前海,深房许字（2014）南山,
深圳市京基房地产股份,京基滨河时代广场北区,深圳市福田区滨河大道,深房许字（2015）福田,
深圳前海卓越汇康投资,前海卓越金融中心（一,深圳市前海深港合作区,深房许字（2015）前海,
深圳前海卓越汇康投资,卓越前海金融中心（一,深圳市前海深港合作区,深房许字（2015）前海,
深圳市城市建设开发（,仁山智水花园（三期）,龙华新区观澜办事处环,深房许字（2015）龙华,
深圳市松茂房地产集团,松茂御龙湾雅苑,宝安区西乡街道,深房许字（2014）宝安,
深圳市祥盛房地产开发,华盛盛荟名庭,宝安区新安街道,深房许字（2013）宝安,
深圳市松茂房地产集团,松茂御龙湾雅苑（一期,宝安区西乡街道,深房许字（2014）宝安,
深圳市瑞恒投资发展有,勤诚达悦园,宝安区新安街道,深房许字（2014）宝安,
深圳市福田房地产有限,锦鸿花园,深圳市光明新区南环大,深房许字(2014)光明00,
深圳市盘龙投资发展有,同创九著院,龙岗区龙城街道龙平西,深房许字（2015）龙岗,
深圳市生良房地产开发,尚水天成花园,龙岗布吉街道,深房许字（2014）龙岗,
深圳市泰富华天峦湖置,天峦湖花园,深圳市坪山新区坪山街,深房许字(2015)坪山00,
深圳市骏泰房地产开发,金汐府,龙岗区龙岗街道,深房许字（2014）龙岗,
深圳市信旺房地产开发,信义荔山御园,龙岗区布吉街道罗岗社,深房许字（2015）龙岗,
深圳市宇宏投资集团有,岭宏健康家园,龙岗区南湾街道,深房许字（2015）龙岗,
深圳市博住置业有限公,水映山岸公馆,望海路与金世纪路交汇,深房许字（2015）南山,
深圳市同和工贸有限公,同和凤凰花苑,宝安区福永街道白石厦,深房许字（2015）宝安,
深圳市腾龙达实业有限,仙岭居,龙岗区龙岗街道南联碧,深房许字（2015）龙岗,
深圳市鹏宝东物业发展,悠山美地家园,深圳市龙华新区大浪街,深房许字（2015）龙华,
深圳市六和房地产开发,六和商业广场一期,坪山新区坪山街道深汕,深房许字（2015）坪山,
深圳市龙园凯利恒丰房,龙园创展大厦,罗湖区解放路与宝安南,深房许字（2015）罗湖,
深圳市博住置业有限公,水映山岸公馆,望海路与金世纪路交汇,深房许字（2015）南山,
深圳泛亚房地产开发有,中骏蓝湾翠岭花园一期,龙岗区龙岗街道同乐社,深房许字（2015）龙岗,
深圳坪山招商房地产有,招商花园,深圳市坪山新区坪山兰,深房许字（2015）坪山,
深圳市福中福房地产开,幸福港湾御品居,宝安区西乡街道西乡大,深房许字（2014）宝安,
深圳市坚得利实业有限,滨海盛世名苑,大鹏新区大鹏街道王母,深房许（2014）大鹏00,
深圳市福中福房地产开,幸福港湾御品居,宝安区西乡街道西乡大,深房许字（2014）宝安,
深圳市瑞恒投资发展有,勤城达悦园,宝安区新安街道,深房许字（2014）宝安,
深圳市富通房地产集团,瑞尚居,宝安区西乡街道,深房许字（2013）宝安,
深圳市瑞恒投资发展有,勤诚达悦园,新安街道创业二路与创,深房许字（2014）宝安,
深圳市盛迪嘉房地产开,盛迪嘉光明壹号花园（,光明高新区科发路西侧,深房许字（2014）光明,
深圳市盛迪嘉房地产开,盛迪嘉光明壹号花园（,光明高新区西区科发路,深房许字（2014）光明,
深圳中海地产有限公司,尖岗山名苑二期B区,西乡街道,深房许字（2014）宝安,
深圳市诚品地产有限公,水湾壹玖柒玖广场（二,荔园路与太子路交汇处,深房许字（2014）南山,
深圳市华盛置业有限公,华盛新沙荟名庭（二期,宝安区沙井街道,深房许字（2014）宝安,
深圳市诚品地产有限公,水湾壹玖柒玖广场（二,荔园路与太子路交汇处,深房许字（2014）南山,
深圳市诚品地产有限公,水湾壹玖柒玖广场（一,荔园路与太子路交汇处,深房许字（2014）南山,
深圳市力高大道置业有,力高君御花园,坪山新区中山大道与锦,深房许字（2014）坪山,
深圳市汉森房地产开发,吉祥龙花园,科苑南路与工业七路交,深房许字（2014）南山,
深圳市富通房地产集团,瑞尚居,宝安区西乡街道,深房许字（2013）宝安,
深圳市地铁集团有限公,地铁前海时代广场,前海深港合作区滨海大,深房许字（2014）前海,
深圳市龙盛豪庭投资有,岸上林居,龙岗区龙城街道,深房许字（2014）龙岗,
深圳市富通房地产集团,瑞尚居,宝安区西乡街道,深房许字（2013）宝安,
深圳市鹏达房地产开发,河岸轩,龙岗镇盛平村,深房许字（2014）龙岗,
深圳市承翰投资开发集,半山海花园,大鹏新区葵涌办事处土,深房许字（2014）大鹏,
深圳市富通房地产集团,瑞尚居,宝安区西乡街道,深房许字（2013）宝安,
深圳市富通房地产集团,瑞翔居,宝安区航城大道与固兴,深房许字（2013）宝安,
深圳市怀德房地产开发,怀德广场,福永街道,深房许字（2014）宝安,
深圳市怀德房地产开发,怀德广场,福永街道,深房许字（2014）宝安,
深圳市特区建设发展集,铂寓轩,深圳市宝安区新安六路,深房许字【2014】宝安,
深圳市怀德房地产开发,怀德广场,宝安区福永街道,深房许字(2014)宝安02,
深圳市怀德房地产开发,怀德广场,福永街道107国道,深房许字（2014）宝安,
深圳市投资控股有限公,深圳湾科技生态园,南山区白石路与沙河西,深房许字（2014）南山,
深圳市金安城房地产开,星航华府（三期）,深圳市宝安区福永街道,深房许字（2014）宝安,
深圳市万联嘉投资发展,金域揽峰花园,龙岗区布吉街道,深房许字(2014)龙岗04,
深圳市世基房地产开发,嘉悦山花园,龙岗区坂田街道,深房许字（2014）龙岗,
深圳市金安城投资发展,星航华府三期,宝安区福永街道兴围路,深房许字（2014）宝安,
深圳宝源创建有限公司,海航国兴花园,龙岗区龙岗街道,深房许字（2014）龙岗,
深圳市龙华上塘股份合,星河传奇花园一期,龙华新区民治街道上塘,深房许字（2014）龙华,
深圳市宏发房地产开发,都汇大厦,宝安石岩街道,深宝房许字（2014）宝,
深圳市宏发房地产开发,都汇大厦,宝安石岩街道,深房许字（2014）宝安,
深圳市宏发房地产开发,都汇大厦,宝安石岩街道,深房许字（2014）宝安,
深圳市宏发房地产开发,都汇大厦,深圳市宝安区石岩街道,深房许字（2014）宝安,
深圳市宏发房地产开发,都汇大厦,宝安石岩街道,深房许字（2014）宝安,
深圳市聚龙湾投资发展,公园里花园三期,龙岗区南湾街道,深房许字（2014）龙岗,
深圳市盘龙投资发展有,同创九著院,龙岗区龙城街道,深房许字（2014）龙岗,
深圳市富通房地产集团,瑞尚居,宝安区航城大道与固兴,39848.72,
深圳天安骏业投资发展,天安云谷产业园一期,龙岗区坂田街道,深房许字（2014）龙岗,
华润置地（深圳）有限,华润城润府（二期）,深南路与铜鼓路交汇处,深房许字（2014）南山,
深圳市特发集团有限公,和平里花园II期,民治办事处和平路,深房许字（2014）龙华,
深圳市龙嘉房地产有限,龙禧雅苑,龙岗区龙城街道,深房许字（2014）龙岗,
深圳市秋铭投资发展有,峰荟花园（一期）,光明新区南环大道南侧,深房许字（2014）光明,
深业泰富物流集团股份,博窿大厦,罗湖区清水河一路南侧,深房许字（2014）罗湖,
深圳市国正向前投资发,龙年大厦,龙岗区龙岗街道,深房许字（2014）龙岗,
深圳市金地北城房地产,金地塞拉维花园北区,龙华新区观澜办事处辖,深房许字（2014）龙华,
深圳市安泰城投资发展,中通半山半海花园,盐田港同富裕路,深房许字（2014）盐田,
深圳市地铁集团有限公,地铁前海时代广场,前海深港合作区滨海大,深房许字（2014）前海,
深圳雅宝房地产开发有,星河银湖谷花园,龙岗区坂田街道,深房许字（2014）龙岗,
深圳中海地产有限公司,中海锦城花园南区,龙华新区民治上塘,深房许字（2014）龙华,
深圳市地铁集团有限公,地铁前海时代广场,前海深港合作区滨海大,深房许字（2014）前海,
深圳博林集团有限公司,博林天瑞花园（一期）,留仙大道和平山一路交,深房许字（2014）南山,
深圳市光明商业中心开,新地中央花园,深圳市光明新区光明大,深房许字（2014）光明,
深圳市万联嘉投资发展,金域揽峰花园,龙岗区布吉街道,深房许字（2014）龙岗,
深圳市京基房地产股份,京基御景印象家园项目,深圳市坪山新区坪山街,深房许字(2014)坪山01,
广东省水电集团有限公,新城东方丽园,深圳市坪山新区坪山街,深房许字（2014）坪山,
深圳市世基房地产开发,嘉悦山花园,龙风区坂田街道,深房许字（2014）龙岗,
深圳市城市建设开发(集,御湖峰家园,罗湖区沿河北路与爱国,深房许字（2014）罗湖,
深圳市城市建设开发(集,御湖峰家园,罗湖区爱国路与沿河路,深房许字（2014）罗湖,
深圳市曦湾名苑地产有,曦湾天馥名苑,后海滨路与工业八路交,深房许字（2014）南山,
华润（深圳）地产发展,银湖蓝山润园一期,罗湖区北环大道（二线,深房许字（2014）罗湖,
华润置地（深圳）有限,大涌商务中心（三期）,深南路与铜鼓路交汇处,深房许字（2014）南山,
深圳坪山招商房地产有,招商花园,深圳市坪山新区坪山兰,深房许字（2014）坪山,
深圳市港城建业房地产,御景台雅园,盐田区后方陆域西南片,深房许字（2014）盐田,
深圳市阳光华艺房地产,流塘阳光花园,深圳市宝安区西乡前进,深房许字（2014）宝安,
深圳市阳光华艺房地产,流塘商务大厦,深圳市宝安区西乡前进,深房许字（2014）宝安,
深圳市绿景房地产开发,虹湾花园,福田区北环大道北侧,深房许字（2014）福田,
深圳市山海情置业有限,前海康城华府,兴海大道与沿山路交汇,深房许字【2014】南山,
威新地产（深圳）有限,金地威新公寓,科技南路与高新南十路,深房许字（2014）南山,
威新地产（深圳）有限,金地威新公寓,科技南路与高新南十路,深房许字（2014）南山,
威新地产（深圳）有限,金地威新公寓,科苑南路与高新南十道,深房许字（2014）南山,
深圳中海地产有限公司,尖岗山名苑二期B区,宝安区西乡街道,深房许字（2014）宝安,
深圳市宝盛实业有限公,科大雅苑,学苑路与麦地巷路交汇,深房许字（2014）南山,
深圳市宝盛实业有限公,科大雅苑,学苑路与麦地巷路交汇,深房许字（2014）南山,
深圳市新创基投资发展,新木半里大厦,龙岗区平湖街道,深房许字（2014）龙岗,
深圳中海地产有限公司,尖岗山名苑二期B区,宝安区西乡街道,深房许字（2014）宝发,
深圳市宝盛实业有限公,科大雅苑,学苑路与麦地巷路交汇,深房许字（2014）南山,
深圳市信贤房地产开发,嘉御豪园,龙岗区坂田街道,深房许字（2014）龙岗,
深圳市宝盛实业有限公,科大雅苑,学苑路与麦地巷路交汇,深房许字（2014）南山,
深圳市宝盛实业有限公,科大雅苑,学苑路与麦地巷路交汇,深房许字（2014）南山,
深圳市宝盛实业有限公,科大雅苑,学苑路与麦地巷路交汇,深房许字（2014）南山,
深圳市宝盛实业有限公,科大雅苑,学苑路与麦地巷路交汇,深房许字（2014）南山,
深圳市嘉盈鑫实业有限,中南明珠苑,龙岗区布吉街道,深房许字（2014）龙岗,
深圳市山海情置业有限,前海康城华府,兴海大道与沿山路交汇,深房许字（2014）南山,
深圳天安骏业投资发展,天安云谷产业园一期,龙岗区坂田街道,深房许字（2014）龙岗,
深圳市光彩置业有限公,泛海城市广场,南山区兴海大道南与前,深房许字（2014）南山,
深圳市京基房地产股份,京基御景印象家园,深圳市坪山新区坪山街,深房许字（2014）坪山,
深圳市京基房地产股份,京基御景印象家园,深圳市坪山新区坪山街,深房许字（2014）坪山,
深圳中海地产有限公司,尖岗山名苑三期,宝安区西乡街道,深房许字（2014）宝安,
深圳市中海富地物业发,公园上苑,罗湖区东门北路与童乐,深房许字（2014）罗湖,
深圳市京基房地产股份,京基滨河时代广场北区,福田区滨河大道与东涌,深房许字(2014)福田00,
深圳市鼎胜投资有限公,鼎胜金域世家豪园,西丽留仙大道与石鼓路,深房许字（2014）南山,
深圳市安泰城投资发展,中通半山半海花园,盐田区盐田港同富裕路,深房许字（2014）盐田,
深圳市鼎胜投资有限公,鼎胜金城世家豪园,西丽留仙大道与石鼓路,深房许字（2014）南山,
深圳市龙井实业股份有,鼎胜金城世家豪园,西丽留仙大道与石鼓路,深房许字（2014）南山,
华润置地（深圳）有限,华润城润府（一期）,铜鼓路与新世界豪园路,深房许字（2014）南山,
华润置地（深圳）有限,华润城润府（一期）,铜鼓路与新世界豪园路,深房许字（2014）南山,
深圳市中洲宝城置业有,中洲华府二期,宝安区新安街道裕安二,深房许字（2013）宝安,
深圳泛亚房地产开发有,中骏蓝湾翠岭花园一期,深圳市龙岗区龙岗街道,深房许字（2014）龙岗,
深圳冠洋房地产有限公,山海美域花园,前海路与棉山路交汇处,深房许字（2014）南山,
深圳祥祺房地产开发有,祥祺滨河名苑,深圳市坪山新区坪河东,深房许字(2014)坪山01,
深圳市永利鸿盈投资有,龙岐湾御园,大鹏新区大鹏办事处银,深房许字（2014）大鹏,
深圳市华盛置业有限公,华盛新沙荟名庭（二期,深圳市宝安区沙井街道,深房许字（2014）宝安,
深圳市草围投资有限公,万象新天商务楼,宝安大道与航城大道交,(2014)宝安013号,
深圳市福盈置地控股有,福盈中央山花园南区,光明新区公明街道中心,深房许字（2014）光明,
深圳市松茂房地产集团,松茂御龙湾雅苑,深圳市宝安区银田路与,深房许字（2014）宝安,
深圳市创城投资有限公,宜城风景花园,深圳市龙岗区坪地街道,深房许字（2014）龙岗,
深圳市天居基业投资有,笔架山公馆,深圳市福田区林园东路,深房许字（2014）福田,
深圳市松茂房地产集团,松茂御龙湾雅苑,深圳市宝安区西乡中西,深房许字（2014）宝安,
深圳市运发集团股份有,运发御景兰庭,莲塘东仙桐路（国威路,深房许字（2014）罗湖,
深圳市鹏瑞地产开发有,鹏瑞深圳湾壹号广场（,科苑大道与东滨路交汇,深房许字（2014）南山,
深圳市鹏瑞地产开发有,鹏瑞深圳湾壹号广场（,科苑大道与东滨路交汇,深房许字（2014）南山,
深圳市鹏瑞地产开发有,鹏瑞深圳湾壹号广场（,科苑大道与东滨路交汇,深房许字（2014）南山,
深圳市鹏瑞地产开发有,鹏瑞深圳湾壹号广场（,东滨路与科苑大道交汇,深房许字（2014）南山,
深圳市曦湾名苑地产有,曦湾天馥名苑,后海滨路与工业八路交,深房许字（2014）南山,
深圳市光彩置业有限公,泛海城市广场,南山区兴海大道与前海,深房许字（2014）南山,
深圳市聚龙湾投资发展,公园里花园三期,深圳市龙岗区南湾街道,深房许字（2014）龙岗,
深圳市大康投资集团有,大康福盈门大厦,深圳市福田区福田路东,深房许字(2014)福田01,
宝吉工艺品（深圳）有,佳兆业中央广场三期,龙岗区坂田街道,深房许字（2014）龙岗,
深圳市生良房地产开发,尚水天成花园4、5栋,龙岗区龙岗街道,深房许字（2014）龙岗,
深圳麓园房地产开发有,麓园7栋、6栋,龙岗区龙城街道回龙埔,深房许字（2014）龙岗,
杨富实业(深圳)有限公,长富金茂大厦,福田区市花路,深房许字（2014）福田,
深圳华侨城房地产有限,锦绣花园四期,华侨城汕头街与开平街,深房许字（2014）南山,
深圳市星都置业有限公,星都豪庭,布吉街道办事处大芬村,深房许字（2014）龙岗,
深圳万庭房地产开发有,栖棠映山花园,福田区香蜜湖福龙路西,深房许字(2004)福田00,
深圳市富通房地产集团,瑞尚居,宝安区西乡街道,深房许字（2013）宝安,
深圳市富通房地产集团,瑞尚居,宝安区西乡街道,深房许字(2013)宝安01,
深圳市嘉福房地产开发,璞岸花园（二期）,大鹏新区大鹏街道大鹏,深房许字（2014）大鹏,
深圳市金地宝城房地产,金地朗悦花园,深圳市坪山新区坪山街,深房许字（2014）坪山,
深圳市金安城投资发展,星航华府,深圳市宝安区福永街道,深房许字（2014）宝安,
深圳市金安城房地产开,星航华府（二期）,深圳市宝安区福永街道,深房许字（2014）宝安,
深圳市华佳业房地产开,华业玫瑰四季馨园一起,龙华新区民治街道人民,深房许字（2014）龙华,
深圳市大族基业房地产,大族河山花园一期,龙岗区南湾街道,深房许（2014）龙岗01,
深圳市京基房地产股份,云景梧桐花园,深圳市罗湖区莲塘东片,深房许字（2014）罗湖,
深圳坪山招商房地产有,招商花园,深圳市坪山新区丹梓大,深房许字（2014）坪山,
深圳泛亚房地产开发有,中骏蓝湾翠岭花园一期,龙岗区龙岗街道,深房许字（2014）龙岗,
深圳市福盈置地控股有,福盈中央山花园北区,光明新区公明街道中心,深房许字（2014）光明,
深圳市联投置地有限公,联投东方华府（一期）,宝安区松岗街道,深房许字(2014)宝安01,
深圳市金城光明房地产,金城大第花园（二期）,宝安区光明镇,深房许字（2014）光明,
深圳博林集团有限公司,博林天瑞花园（一期）,留仙大道和平山一路交,深房许字（2014）南山,
深圳博林集团有限公司,博林天瑞花园一期,留仙大道与平山一路交,深房许字（2014）南山,
民生东都深圳房地产开,东都花园一区二期3栋,龙岗中心城,深房许字（2014）龙岗,
深圳博林集团有限公司,博林天瑞花园（一期）,留仙大道和平山一路交,深房许字（2014）南山,
深圳博林集团有限公司,博林天瑞花园（一期）,留仙大道和平山一路交,深房许字（2014）南山,
仁恒置地(深圳)有限公,仁恒峦山美地花园1栋、,龙岗区龙岗街道,深房许字（2014）龙岗,
深圳市卓越康达贸易有,卓越梅林中心广场（南,福田中康路与梅林路交,深房许字（2014）福田,
深圳市卓越康达贸易有,卓越梅林中心广场（南,福田中康路与梅林路交,深房许字（2014）福田,
深圳招商华侨城投资有,招商华侨城曦城,宝安区新安街道广深高,深房许字（2014）宝安,
深圳中铁粤丰置业有限,中铁诺德公馆一期1号楼,龙岗区坂田街道新围仔,深房许字（2014）龙岗,
深圳招商房地产有限公,海上世界双玺花园（一,蛇口望海路南侧,深房许字（2014）南山,
深圳招商房地产有限公,海上世界双玺花园（一,蛇口望海路南侧,深房许字（2014）南山,
振昌实业(深圳)有限公,金石雅苑,深圳市宝安区福永街道,深房许字（2013）宝安,
深圳机场地产有限公司,领航城.领翔华府A区,宝安区西乡街道,深房许字（2014）宝安,
深圳机场地产有限公司,领航城领祥华府A区,宝安区西乡街道,深房许字（2014）宝安,
深圳市富通房地产集团,瑞翔居,深圳市宝安区航城大道,深房许字（2013）宝安,
宝安鸿基地产集团股份,宝翠苑,罗湖街道,深房许字（2014）罗湖,
深圳市骏泰房地产开发,金汐府2栋,龙岗区龙岗街道,深房许字（2014）龙岗,
深圳市富通房地产集团,瑞翔居,深圳市宝安区航城大道,深房许字（2013）宝安,
深圳市京基房地产股份,京基滨河时代广场北区,福田区滨河路,深房许字（2014）福田,
深圳市荣丰源投资发展,浩海明球雅居,盐田区永安路与东海道,深房许字(2014)盐田00,
深圳市万悦房地产开发,万科红立方大厦,布吉街道罗岗社区,深房许字（2014）龙岗,
深圳市万悦房地产开发,万科红立方大厦,布吉街道罗岗社区,深房许字（2014）龙岗,
深圳市万科滨海房地产,壹海城一区,盐田海景二路,深房许字（2012）盐田,
深圳市万科滨海房地产,壹海城二区,盐田海景二路,深房许字（2013）盐田,
深圳市投资控股有限公,深圳湾科技生态园,南山区白石路与沙河西,深房许字（2014）南山,
深圳市投资控股有限公,深圳市软件产业基地,南山区科苑路与科园路,深房许字（2013）南山,
深圳市香江置业有限公,中洲控股金融中心,南山区后海大道与海德,深房许字（2014）南山,
深圳市香江置业有限公,中洲控股金融中心,南山区后海大道与海德,深房许字（2014）南山,
深圳市香江置业有限公,中洲控股金融中心,南山区后海大道与海德,深房许字（2014）南山,
深圳市永晋盈投资有限,幸福城润园（二期）,深圳市龙华新区建设路,深房许字（2014）龙华,
深圳市香江置业有限公,中州控股金融中心,南山区后海大道与海德,深房许字（2014）南山,
深圳市广盛荣投资有限,万科翡御郡府,宝安区沙井街道,深房许字（2014）宝安,
民生东都深圳房地产开,东都花园一区二期2栋,龙岗中心城,深房许字（2014）龙岗,
深圳市泰富华天峦湖置,天峦湖花园,深圳市坪山新区马峦北,深房许字（2014）坪山,
深圳市万科滨海房地产,壹海城一区,盐田区深盐路南面海山,深房许字（2012）盐田,
深圳市万科滨海房地产,壹海城二区,盐田区深盐路南面海山,深房许字（2013）盐田,
深圳市润恒尚园房地产,润恒尚园,西乡中心区（宾隆路、,深房许字（2013）宝安,
深圳中海地产有限公司,尖岗山名苑（二期）A区,宝安区西乡龙辉路,深房许字（2014）宝安,
深圳中海地产有限公司,尖岗山名苑（二期）A区,宝安区西乡街道,深房许字（2014）宝安,
深圳市京基房地产股份,京基御景印象家园,深圳市坪山新区坪山街,深房许字（2014）坪山,
深圳市厦村房地产开发,国香山花园（4栋商业）,龙岗区南湾街道,深房许字（2013）龙岗,
深圳市荷康城房地产开,荷康花园,龙岗区横岗街道,深房许字（2014）龙岗,
深圳市三泰投资有限公,云顶道雅居,盐田区同富裕西北侧,深房地字第7000093625,
深圳市骏泰房地产开发,金汐府,龙岗区龙岗街道,深房许字（2014）龙岗,
深圳机场地产有限公司,领航城领翔华府B区,宝安区西乡街道,深房许字（2014）宝安,
深圳机场地产有限公司,领翔华府,宝安区西乡街道,深房许字（2014）宝安,
深圳市润恒尚园房地产,润恒尚园,宝安区西乡街道,深房许字（2013）宝安,
深圳市蛇口湾厦实业股,栖游家园,南山区后海大道,深房许字（2012）南山,
东港实业发展（深圳）,君临海域名园（二期）,盐田区海景二路与海山,深房许字（2014）盐田,
深圳市六和房地产开发,六和商业广场一期,深圳市坪山新区坪山街,深房许字（2014）坪山,
深圳市华侨城酒店置业,前海頥大厦,宝安中心区N26区宝兴路,深房许字（2013）宝安,
深圳泛亚房地产开发有,中骏蓝湾翠岭花园一期,龙岗区龙岗街道,深房许字（2014）龙岗,
深圳市辉豪乐投资发展,云尚公馆,福田区燕南路西振中路,深房许字(2014)福田00,
深圳市辉豪乐投资发展,云尚公馆,福田区燕南路西振中路,深房许字(2014)福田00,
深圳市信义房地产开发,信义御城豪园,龙岗区横岗街道,深房许字（2014）龙岗,
深圳市信义房地产开发,信义御城豪园4栋,龙岗区横岗街道龙岗大,深房许字（2014）龙岗,
深圳市天悦房地产开发,天悦湾花园,西丽同发路与留仙大道,深房许字（2014）南山,
深圳市新润园房地产开,理想公馆,福田区梅林,深房许字(2014)福田00,
深圳市新润园房地产开,理想时代大厦,福田区梅林梅林路,深房许字(2014)福田00,
深圳市厦村房地产开发,国香山花园5栋,龙岗区南湾街道,深房许字（2014）龙岗,
中国长安汽车集团深圳,福安雅园,龙华新区观澜福前路东,深房许字（2013）龙华,
深圳市金安城房地产开,星航华府（一期）,深圳市宝安区福永街道,深房许字（2014）宝安,
深圳坪山招商房地产有,招商花园,深圳市坪山新区坪山兰,深房许字（2014）坪山,
深圳市下水径投资有限,海心汇福园,龙岗区布吉街道,深房许字（2013）龙岗,
深圳市金安城投资发展,星航华府一期,深圳市宝安区福永街道,深房许字(2014)宝安00,
深圳麓园房地产开发有,麓园,龙岗区龙城街道回龙埔,深房许字（2014）龙岗,
深圳市天耀投资发展有,名门华府,宝安区新安街道罗田路,深房许字(2014)宝安00,
广东省水电集团有限公,新城东方丽园,坪山新区坪山街道汤坑,深房许字（2014）坪山,
深圳市五联百合房地产,百合山水别苑,龙岗区龙城街道五联社,深房许字（2014）龙岗,
深圳市振业（集团）股,振业峦山谷花园二期,龙岗区宝荷路,深房许字（2014）龙岗,
深圳坪山招商房地产有,招商花园,深圳市坪山新区坪山兰,深房许字（2014）坪山,
深圳招商华侨城投资有,招商华侨城曦城,宝安区新安街道广深高,深房许字（2014）宝安,
深圳市信贤房地产开发,嘉御豪园,龙岗区坂田街道,深房许（2014）龙岗00,
深圳市渔丰实业股份有,幸福万象大厦,罗湖区春风路南渔民村,深房许字（2014）罗湖,
深圳市中熙房地产开发,中熙香缤山花园（三期,宝安区西乡街道凤凰岗,深房许字（2014）宝安,
深圳市中熙房地产开发,中熙香缤山花园,宝安区西乡街道凤凰岗,深房许字（2014）宝安,
深圳市悦峰投资有限公,佳兆业悦峰花园,龙岗区坂田街道办,深房许字（2014）龙岗,
深圳市中熙房地产开发,中熙香缤山花园（三期,宝安区西乡街道凤凰岗,深房许字（2014）宝安,
深圳市康达尔(集团)股,康达尔山海上园（一期,宝安区西乡铁仔山郊野,深房许字（2014）宝安,
深圳市鹏瑞地产开发有,鹏瑞深圳湾壹号广场,南山科苑大道与东滨路,深房许字（2013）南山,
广东省水电集团有限公,新城东方丽园,深圳市坪山新区坪山街,深房许字（2014）坪山,
深圳市恒丰浩森房地产,御景水岸花园,深圳市宝安区福永街道,深房许字（2013）宝安,
深圳市恒丰浩森房地产,御景水岸花园,深圳市宝安区福永街道,深房许字（2013）宝安,
深圳市恒丰浩森房地产,御景水岸花园,深圳市宝安区福永街道,深房许字（2013）宝安,
深圳冠懋房地产集团有,蓝郡西堤花园,海景路与金融路交汇东,深房许字（2013）盐田,
深圳冠懋房地产集团有,蓝郡西堤花园,海景路与金融路交汇东,深房许字（2013）盐田,
深圳市颂德房地产开发,颂德花园,深圳市福田区下梅林二,深房许字（2013）福田,
深圳市五联百合房地产,百合山水别苑,龙岗区龙城街道五联社,深房许字（2013）龙岗,
深圳市万科滨海房地产,壹海城三区（1期）,海景路,深房许字（2013）盐田,
深圳市万科滨海房地产,壹海城三区（1期）,海景二路,深房许字（2013）盐田,
宝吉工艺品（深圳）有,佳兆业中央广场三期,龙岗区坂田街道,深房许字（2013）龙岗,
深圳市祥盛房地产开发,华盛盛荟名庭,宝安区新安街道上川路,深房许字（2013）宝安,
深圳市华兴广实业有限,熙璟城豪苑,深圳市平湖街道富安大,深房许字（2013）龙岗,
深圳市京基房地产股份,京基滨河时代广场北区,深圳市深南东路5016号,深房许字（2013）福田,
深圳市富通房地产集团,瑞翔居,深圳市宝安区航城大道,深房许字（2013）宝安,
深圳市富通房地产集团,瑞翔居,宝安区航城大道与固兴,深房许字（2013）宝安,
深圳市厦村房地产开发,国香山花园,深圳市龙岗区南湾街道,深房许字（2013）龙岗,
深圳市富通房地产集团,瑞翔居,宝安区航城大道与固兴,深房许字（2013）宝安,
深圳市富通房地产集团,瑞翔居,深圳市宝安区航城大道,深房许字（2013）宝安,
深圳市富通房地产集团,瑞翔居,深圳市宝安区航城大道,深房许字（2013）宝安,
深圳冠洋房地产有限公,山海美域花园,南山区前海路与棉山路,深房许字（2013）南山,
深圳市世纪旭源投资发,旭源怡景轩,龙岗区龙岗街道,深房许字（2013）龙岗,
深圳市中云投资发展有,翡翠海岸花园,深圳市南山区中心路与,深房许字（2013）南山,
深圳市深房集团龙岗开,深房尚林花园,龙岗区龙岗街道,深房许字（2013）龙岗,
深圳市振业（集团）股,振业峦山谷花园二期,龙岗区龙岗镇,深房许字（2013）龙岗,
深圳市深润川实业有限,鸿威鸿景华庭,龙岗区龙城街道,深房许字（2013）龙岗,
深圳市东海成投资有限,梧桐翡翠花园,沙头角中青一路,深房许字（2013）盐田,
深圳市华来利投资控股,山语清晖花园,福田区福龙路西侧,深房许字(2013)福田00,
深圳坪山招商房地产有,招商花园,深圳市坪山新区坪山兰,深房许字（2013）坪山,
深圳市安鸿兴投资发展,安鸿峰景苑,龙岗区南湾街道,深房许字（2013）龙岗,
深圳市富通房地产集团,瑞尚居,宝安区航城大道与固兴,深房许字（2013）宝安,
民生东都深圳房地产开,东都花园一区,龙岗中心城,深房许字（2013）龙岗,
深圳市粤宝实业发展有,瑞泽佳园,龙岗区横岗街道六约社,深房许字（2013）龙岗,
深圳市金地宝城房地产,金地朗悦花园,深圳市坪山新区坪山街,深房许字（2013）坪山,
深圳市润创兴投资有限,润创兴时代公寓,龙岗区坂田街道,深房许字（2013）龙岗,
深圳市惠明盛房地产投,香林世纪华府,龙岗区坪地街道,深房许字（2013）龙岗,
深圳市森之润投资发展,爱心家园,龙华新区观光路与平安,深房许字（2013）龙华,
深圳市地铁集团有限公,龙瑞佳园,深圳市南山区兴海大道,深房许字（2013）南山,
深圳市满京华投资集团,满京华喜悦里华庭二期,深圳市龙岗区龙岗街道,深房许字(2013)龙岗03,
深圳市新世界房地产开,四季御园,罗湖区罗沙公路南侧,深房许字(2013)罗湖00,
深业泰富物流集团股份,博兴大厦,罗湖区清水河1路,深房许字{2013)罗湖00,
深圳中海地产有限公司,尖岗山名苑,深圳市宝安区西乡龙辉,深房许字（2013）014号,
深圳中海地产有限公司,尖岗山名苑一期,深圳市宝安区龙辉路,深房许字（2013）宝安,
天基房地产开发(深圳),远洋新干线晶钻广场2栋,龙岗区龙岗街道,深房许字（2013）龙岗,
深圳市光明集团有限公,和润花园,深圳市光明新区公园路,深房许字（2013）光明,
深圳市悦峰投资有限公,佳兆业悦峰花园,龙岗区坂田街道,深房许字(2013)龙岗03,
深圳宝源创建有限公司,海航国兴花园,龙岗区龙岗街道,深圳许字（2013）龙岗,
深圳市万鸿嘉投资发展,金域中央花园一期,龙岗区布吉街道,深房许字（2013）龙岗,
深圳市和诚鸿业投资发,金域上郡花园,龙岗区布吉街道,深房许字（2013）龙岗,
深圳市荷康城房地产开,荷康花园,龙岗区横岗街道,深房许字（2013）龙岗,
深圳经济特区房地产(集,深房传麒山,深圳市光明新区高新园,深房许字（2013）光明,
深圳经济特区房地产(集,深房传麒山,深圳市光明新区高新园,深房许字（2013）光明,
深圳经济特区房地产(集,深房传麒山,深圳市光明新区高新园,深房许字（2013）光明,
深圳经济特区房地产(集,深房传麒山,深圳市光明新区高新园,深房许字（2013）光明,
深圳市永晋盈投资有限,幸福城润园（三期）,深圳市龙华新区清泉路,深房许字（2013）龙华,
深圳市金城光明房地产,金城大第,宝安区光明镇,深房许字(2013)光明00,
深圳市万悦房地产开发,万科红悦花园,龙岗布吉街道,深房许字（2013）龙岗,
深圳市万悦房地产开发,万科红悦花园,龙岗布吉街道,深房许字（2013）龙岗,
深圳市雅豪园投资有限,保利上城花园,龙岗区龙城街道爱联社,深房许字（2013）龙岗,
深圳市众联业贸易有限,中泰天成大楼,南山区南海大道与东滨,深房许字（2013）南山,
深圳市新南宝恒投资发,同创新作居,龙岗区平湖街道,深房许字（2013）龙岗,
深圳市草围投资有限公,香格丽湾园,宝安区西乡街道航城大,深房许字（2013）宝安,
深圳市嘉福房地产开发,璞岸花园（一期）,大鹏街道大鹏山庄以北,深房许字(2013)大鹏00,
东港实业发展（深圳）,君临海域名园（一期）,盐田海景二路与海山东,深房许字（2013）盐田,
东港实业发展（深圳）,君临海域名园（一期）,盐田海景二路与海山东,深房许字（2013）盐田,
深圳市万科滨海房地产,壹海城(四区),盐田区深盐路南海山北,深房许字(2013)盐田00,
深圳市万科滨海房地产,壹海城(四区),盐田区深盐路南海山北,深房许字(2013)盐田00,
深圳市新生辉投资有限,茗语华苑,龙华新区观澜街道黎光,深房许字（2013）龙华,
深圳市深房集团龙岗开,深房尚林花园,龙岗区龙岗街道,深房许字（2013）龙岗,
深圳市祥盛房地产开发,华盛盛荟名庭,宝安区29区建安一路64,深房许字（2013）宝安,
深圳招商房地产有限公,招商锦绣观园,龙华新区观澜办事处龙,深房许字（2013）龙华,
深圳市深宝实业股份有,翡翠公寓,罗湖区文锦北路,深房许可字（2013）罗,
深圳市万科九州房地产,万科天誉中央广场,龙岗区龙城街道,深房许字（2013）龙岗,
深圳市万悦房地产开发,万科红悦花园,龙岗布吉街道,深房许字（2013）龙岗,
深圳市科之谷投资有限,深业上城(北区),深圳市福田区彩田路与,深房许字(2013)福田00,
深圳市中洲宝城置业有,中洲华府二期,深圳市宝安26区创业路,深房许字（2013）宝安,
深圳市中洲宝城置业有,中洲华府二期,深圳市宝安区创业二路,深房许字（213）宝安0,
深圳市中洲宝城置业有,中洲华府二期,深圳市宝安区新安街道,深房许字（2013）宝安,
振昌实业(深圳)有限公,金石雅苑,宝安区福永街道广深公,深房许字（2013）宝安,
清蓝实业（深圳）有限,悦澜山花园,龙岗区龙城街道,深房许字（2013）龙岗,
深圳市银海实业有限公,恒裕滨城花园（一期）,后海滨路和招商东路交,深房许字(2013)南山00,
深圳市广盛荣投资有限,万科翡悦郡园,宝安区沙井街道,深房许字（2013）宝安,
深圳市鹏瑞地产开发有,鹏瑞深圳湾一号广场,南山区科苑大道与东滨,深房许字(2013)南山01,
振昌实业(深圳)有限公,金石雅苑,宝安区福永街道广深公,深房许字（2013）宝安,
深圳市华明辉置业有限,丹梓龙庭项目,坪山新区丹梓大道,深房许字（2013）坪山,
深圳市蛇口湾厦实业股,栖游家园,南山区后海大道西侧,深房许字(2012)南山01,
深圳市雅豪园投资有限,保利上城花园,龙岗区龙城街道爱联社,深房许字（2013）龙岗,
深圳市兆和置地投资有,富基帕克大厦,深圳市罗湖区布吉路,深房许字(2013)罗湖00,
深圳市万科滨海房地产,壹海城四区,盐田区深盐路南面海山,深房许字（2013）盐田,
深圳市中熙房地产开发,中熙香缤山花园（二期,宝安区西乡街道,深房许字（2013）宝安,
深圳市富腾投资发展有,观山大卫华庭,龙岗区布吉街道,深房许字（2013）龙岗,
深圳市东海成投资有限,梧桐春晓花园,盐田区中青一路,深房许字（2013）盐田,
深圳市红荷房地产开发,颐安都会中央花园,龙岗区体育新城龙兴大,深房许字（2013）龙岗,
深圳华侨城房地产有限,纯水岸（十五期）,香山中街,深房许字（2013）南山,
深圳市麟恒投资发展有,东城中心花园,龙岗区横岗街道办,深房许字（2013）龙岗,
深圳市京基房地产股份,云景梧桐花园,罗湖区仙桐路北侧,深房许字(2013)罗湖00,
仁恒置地(深圳)有限公,仁恒峦山美地花园,龙岗区龙岗街道,深房许字（2013）龙岗,
仁恒置地(深圳)有限公,仁恒峦山美地花园,龙岗区龙岗街道,深房许字（2013）龙岗,
深圳市广兴源投资发展,湾美花园四期,宝安区西乡街道海城路,深房许字(2013)宝安00,
深圳市京基房地产股份,京基滨河时代广场(南区,福田街道滨河大道南,深房许字(2013)福田00,
卓越置业集团有限公司,西乡安居家园,宝安区西乡街道航城大,深房许字(2013)宝安00,
莱蒙房地产(深圳)有限,莱蒙春天花园,深圳市宝安区民治（街,深房许字（2013）龙华,
深圳市信义房地产开发,信义御城豪园,龙岗区横岗街道,深房许字（2013）龙岗,
深圳市广盛荣投资有限,万科翡逸郡园,宝安区沙井街道,深房许字(2013)宝安00,
深圳市广兴源投资发展,湾美花园,宝安西乡街道海城路,深房许字(2012)宝安00,
深圳经济特区房地产(集,深房传麒山,深圳市光明新区高新园,深房许字（2013）光明,
深圳市润恒尚园房地产,润恒尚园,宝安区西乡街道,深房许字(2013)宝安00,
深圳经济特区房地产(集,深房传麒山,深圳市光明新区高新园,深房许字（2013）光明,
深圳市深润川实业有限,鸿威鸿景华庭,深圳市龙岗区龙城街道,深房许字(2013)龙岗01,
深圳市新润园房地产开,后海理想雅园,南山后海招商东路,深房许字（2013）南山,
深圳市塘泰投资发展有,水木丹华园,深圳市南山区学苑大道,深房许字（2013）南山,
深圳市五联将军帽房地,承翰陶源花园,龙岗区龙城街道五联社,深房许字(2013)龙岗01,
和记黄埔地产(深圳)有,懿花园,龙华新区观澜办事处横,深房许字（2013）龙华,
深圳市恒丰浩森房地产,御景水岸花园(一、二期,宝安区福永街道广深公,深房许字(2013)宝安00,
深圳市彭成地产有限公,嘉宏湾花园二期3#楼、,坪山新区丹梓大道南侧,深房许字（2013）坪山,
深圳市中熙房地产开发,中熙香缤山花园,宝安西乡街道,深房许字（2013）004号,
深圳市中熙房地产开发,中熙香缤山花园,宝安区西乡街道,深房许字(2013)宝安00,
深圳市特发集团有限公,和平里花园,深圳市龙华新区和平路,深房许字（2013）龙华,
深圳和记黄埔龙岗地产,御峰园,龙岗区平湖街道,深房许字（2013）龙岗,
深圳市金地宝城房地产,金地名峰,龙岗区龙岗镇,深房许字（2013）龙岗,
深圳市锦绣江南投资有,锦绣御园,深圳市宝安区龙华街道,深房许字（2013）龙华,
深圳市五联将军帽房地,承翰陶源花园,龙岗区龙城街道五联社,深房许字（2013）龙岗,
深圳市塘泰投资发展有,水木丹华,科苑大道南侧,深房许字（2013）南山,
深圳市五联将军帽房地,承翰陶源花园,深圳市五联将军帽房地,深房许字（2013）龙岗,
深圳市万科城市风景房,万科金域缇香花园二期,坪山新区行政五路与丹,深房许字（2013）坪山,
深圳市南山荔源实业股,荔海春城花园,南山区向南路与工业八,深房许字（2013）南山,
深圳市华侨城酒店置业,前海颐大厦,深圳市宝安中心区N26区,深房许字（2013）宝安,
深圳市东方置地集团有,万汇大厦,龙岗区龙岗街道,深房许字（2013）龙岗,
中信华南（集团）深圳,中信龙盛广场,龙岗区龙岗街道龙东社,深房许字（2013）龙岗,
深圳市嘉盛城投资有限,阅山公馆,龙岗区龙城街道,深房许字（2013）龙岗,
深圳市永晋盈投资有限,幸福城润园,深圳市龙华新区清泉路,深房许字（2013）龙华,
深圳市大鹏佳兆业房地,佳兆业假日广场,大鹏办事处迎宾北路南,深房许字（2013）大鹏,
深圳市投资控股有限公,深圳市软件产业基地,南山区科院路与科园路,深房许字（2013）南山,
深圳市康达尔(集团)股,康达尔山海上园（一期,宝安区西乡街道铁仔山,深房许字（2014）014号,
深圳市蛇口湾厦实业股,栖游家园,南山区后海大道,深房许字（2012）南山,
深圳市蛇口湾厦实业股,栖游家园,南山区后海大道,深房许字（2012）南山,
深圳市南园枫叶投资有,南园枫叶公寓,南山区南山大道与创业,深房许字（2012）南山,
深圳市南园枫叶投资有,南园枫叶公寓,南山区南山大道与创业,深房许字（2012）南山,
深圳市南园枫叶投资有,南园枫叶公寓,南山区南山大道与创业,深房许字（2012）南山,
深圳市宏发房地产开发,宏发君域花园,深圳市宝安区松岗街道,深房许字（2012）宝安,
深圳市宏发房地产开发,宏发君域花园,深圳市宝安区松岗街道,深房许字(2012)宝安02,
深圳中信航城房地产有,领航里程花园,宝安区西乡街道航城大,深房许字（2012）宝安,
深圳市创建业房地产开,和亨城市广场,盐田区海山街道办盐田,深房许字[2011]盐田00,
